sepal length (cm),sepal width (cm),petal length (cm),petal width (cm),target,species
5.100049206134299,3.511949821500339,1.3890344857855113,0.16437632644970904,0,setosa
5.081813168593131,3.4603341378001415,1.4024057441038975,0.25360860982218136,0,setosa
5.080311739257946,3.475181004007202,1.4195936820074078,0.21427548032640245,0,setosa
5.104216569959916,3.462781278211672,1.398829927101469,0.2278121277783315,0,setosa
5.046231418108596,3.481695369558391,1.323951090407966,0.14841849040860097,0,setosa
5.026330598488331,3.4905963547570127,1.3493021407422519,0.21085057435286808,0,setosa
5.106270043464969,3.4925227622148016,1.2993296115671793,0.17845228416613454,0,setosa
5.098059962183957,3.504532359440132,1.3387945693797842,0.18088986895864279,0,setosa
5.060859236877734,3.467646510422976,1.4424359449354431,0.16769861298672414,0,setosa
5.098699131802179,3.535375594695327,1.3766559826902678,0.19553192201663364,0,setosa
5.104418565729979,3.5025512709702027,1.3509977669432922,0.20304560921508033,0,setosa
5.154352936869661,3.4381142128748605,1.4343753075208638,0.20477416102786325,0,setosa
5.074341184235711,3.580016661853697,1.4304903884833884,0.15202844391579107,0,setosa
5.102980649150858,3.5230675833468075,1.39244871498597,0.22731641068780825,0,setosa
5.097339307194023,3.526689902433373,1.457540903666246,0.1729735099597739,0,setosa
5.108125544415584,3.4814676969384633,1.405090736449033,0.15251221888599442,0,setosa
5.0768279361398925,3.4921521610878203,1.4359505548840161,0.24580888029816528,0,setosa
5.047058888300629,3.468214305360518,1.4258761369029367,0.12030320863302023,0,setosa
5.081473205401905,3.4961085229731963,1.4502805990914727,0.22757615602283024,0,setosa
5.086911463191112,3.485256964236002,1.3899921839792828,0.2609411760182464,0,setosa
5.082879002297085,3.487852784465411,1.4141035626914105,0.1951691821965418,0,setosa
5.092108630881371,3.455437314273958,1.399539141278458,0.18225675108102324,0,setosa
5.146645111047609,3.5261235401080464,1.3990342554796027,0.22673524093069378,0,setosa
5.086405217931474,3.542085054337078,1.3997840175731349,0.22333529416721656,0,setosa
5.048364270187061,3.5138672019551374,1.3324718353053382,0.11858684220240272,0,setosa
5.087820924891542,3.4640028956960562,1.4065621118284888,0.289790265059442,0,setosa
4.866731072743517,2.9750422565422436,1.4082161578425878,0.21972053165649427,0,setosa
4.89294375736377,2.9917627867898715,1.4280985182048216,0.22079630548135595,0,setosa
4.858652966717052,2.9968327472553664,1.401411473946459,0.15782061511803558,0,setosa
4.9103935640269745,2.965681740912938,1.4388826683166815,0.2077098365042029,0,setosa
4.903572259430763,2.976358865885749,1.395255607044892,0.12009014828371782,0,setosa
4.854743701179078,3.01451359196755,1.3148573183271142,0.23386434085924654,0,setosa
4.830156140985044,3.0302695401065707,1.366180118684827,0.23115964337369846,0,setosa
4.905238048303392,2.9385266023883405,1.449965949982338,0.2576682862209045,0,setosa
4.897367803759992,2.989043349113107,1.3936053213611745,0.16099390708885017,0,setosa
4.943943470390277,2.9782843227307927,1.3979523834923329,0.16826814387187827,0,setosa
4.874957076011192,2.9488909939339534,1.4502827725485756,0.19383649707175948,0,setosa
4.938636864749153,3.0005329838765302,1.3722238588918843,0.18693258959990994,0,setosa
4.877590757979885,3.0003183639673967,1.3849893264129216,0.18800313136232807,0,setosa
4.844857012634564,2.967726162895155,1.4661623019520171,0.1731506713499313,0,setosa
4.857836248495061,3.013493053303001,1.4562908879822611,0.1418390279007517,0,setosa
4.89165912606995,2.974717897842604,1.3295592210269038,0.2293970683703357,0,setosa
4.899062243257807,3.0028576737717043,1.3699075411021764,0.21819136651987667,0,setosa
4.8784281060205075,2.9942838716601297,1.3556695683127393,0.1513558895916722,0,setosa
4.953421274212001,2.979715811818461,1.411667214254232,0.19864838260930512,0,setosa
4.882354191889513,2.9796815611865113,1.4252033036578233,0.18792529581864362,0,setosa
4.893942254073148,3.000888862287779,1.44706033281008,0.22722043898532554,0,setosa
4.91530401070912,2.97745714426587,1.3447212511997413,0.23798119726941208,0,setosa
4.938657885368835,2.9943716640350666,1.4216753536641407,0.2312577221554162,0,setosa
4.9332473781066,3.036855338929859,1.3817752939735546,0.26059891930658874,0,setosa
4.850136277668572,3.034468923079746,1.4197572831612302,0.23494476454098012,0,setosa
4.97516033228387,3.059377818935146,1.3541929237124268,0.13245313678928572,0,setosa
4.732675562362152,3.159399503364963,1.2995037844540995,0.23358909908020778,0,setosa
4.634248105952577,3.115600781827621,1.3103719608134892,0.2017754355845319,0,setosa
4.690167877144724,3.2015413905508088,1.2655793757053089,0.13946022370911573,0,setosa
4.693333805964787,3.1611316523580246,1.2342607471035558,0.2202272428557311,0,setosa
4.697544054863113,3.2162611414653126,1.2604282023429625,0.1736776483265337,0,setosa
4.660038278911194,3.1645343253176783,1.3078163167099761,0.16868101534660218,0,setosa
4.714242651552811,3.213590237016729,1.3810064394752042,0.14428843816532763,0,setosa
4.735516095113402,3.1964204815244632,1.29943881079476,0.14200544712373556,0,setosa
4.681592247491014,3.229727890537758,1.296700865119308,0.20324217481645063,0,setosa
4.688371332775978,3.2461827898794517,1.2991410973182602,0.11198337310071753,0,setosa
4.67231709798102,3.1212481357167903,1.1699424633801385,0.17879538600910752,0,setosa
4.753342394004109,3.2018847962452237,1.2530981717038008,0.16237200527190312,0,setosa
4.745224529210001,3.206305064935939,1.3019199696624824,0.19786152844647772,0,setosa
4.701536010462214,3.2322162258777523,1.3221026918942431,0.2086281880009798,0,setosa
4.658285265696399,3.2204443505963893,1.2726301168803003,0.24375382703601917,0,setosa
4.6491579671310355,3.1944951609489767,1.2997056685483492,0.14701417797423455,0,setosa
4.768878865754259,3.258416270690382,1.2814566495356368,0.23086884662258095,0,setosa
4.715147042786809,3.0954576214661897,1.3100159206511037,0.19754623680667008,0,setosa
4.703328694138982,3.156925003206913,1.289226118151184,0.19286964946470814,0,setosa
4.747523768688493,3.213377082415641,1.2997777987918935,0.26115879991643765,0,setosa
4.677790082809454,3.184422787804985,1.2273297995464376,0.2627642338513445,0,setosa
4.738573294727777,3.2366739217804685,1.3267559378578775,0.2044059435065461,0,setosa
4.708619557567293,3.189919736389308,1.2918559829710823,0.20217214446854778,0,setosa
4.760473180462551,3.2222275160723233,1.2976615949696455,0.17682431798226417,0,setosa
4.674600060503534,3.2641082004468998,1.3202674921690842,0.2027020223324262,0,setosa
4.686152726313892,3.1556378635319793,1.2973255377012043,0.23494632137880805,0,setosa
4.5842985101265,3.0909102966799775,1.491158625942441,0.20438377471992675,0,setosa
4.536279564850175,3.0905840659213966,1.4658241792738371,0.23538340130250424,0,setosa
4.569176052937405,3.1230818698920277,1.5609774981090705,0.187456149548735,0,setosa
4.575936949915061,3.1076572903650437,1.4999188388956388,0.16025534610641157,0,setosa
4.618436776628535,3.1806206421390164,1.489675520189371,0.19188495215741347,0,setosa
4.5582027190572365,3.112763538067462,1.4501209510116948,0.15572275902594068,0,setosa
4.651186690873751,3.0637818776242143,1.5432543027732535,0.2609743201513123,0,setosa
4.61037305829907,3.122135656114033,1.5780900377474711,0.19213086391737133,0,setosa
4.576279768122335,3.0458707574086823,1.501668283213854,0.2591657684367323,0,setosa
4.638383815256034,3.062316350343282,1.4657849846466962,0.17983315082636148,0,setosa
4.611690723299813,3.091787542915853,1.5085781578177233,0.2118695751218179,0,setosa
4.588049056532862,3.0983930423358825,1.5082636950886414,0.19664121185867298,0,setosa
4.620140834599762,3.1748350309331204,1.5236788913908332,0.20223242185634208,0,setosa
4.532555255065523,3.115518283440608,1.4221328635293118,0.14363863655375514,0,setosa
4.63418557009875,3.1282494024054666,1.4940024400660445,0.13159955575391138,0,setosa
4.585146059324366,3.0728504672713592,1.5254736298452085,0.29030922129710124,0,setosa
4.608677219518186,3.0688275548787156,1.4531779387878712,0.1977562287692691,0,setosa
4.592928272259456,3.0539392336189013,1.5046542094276874,0.15396345914756554,0,setosa
4.644484290869172,3.142506024231526,1.5433900506118567,0.1810379811756589,0,setosa
4.620580822532723,3.094717219791226,1.4844475175439007,0.18643417371431736,0,setosa
4.548011389078634,3.0422454521641953,1.5317725916350418,0.1923505838432192,0,setosa
4.608656994045105,3.140068415538165,1.430674700199357,0.16863479704736425,0,setosa
4.607013393738603,3.115683791466623,1.484917021983956,0.24116716930791396,0,setosa
4.608415797553185,3.051464714446886,1.4627694489603742,0.2322188424197849,0,setosa
4.618553258258242,3.024037550439736,1.5539084921544963,0.2239210812437555,0,setosa
4.653733719507859,3.0846519647569965,1.488171751146707,0.15494171660994727,0,setosa
5.101477182805276,3.5929818309837143,1.4635013276832778,0.17410830194450883,0,setosa
5.006553647693324,3.533145900537197,1.3846853140493292,0.23935019633600113,0,setosa
4.94993024737702,3.6428891017973846,1.4134895126339384,0.1582419630006298,0,setosa
4.979936109142973,3.5816373729317834,1.3980192264823,0.17855424136227632,0,setosa
4.966908483967819,3.5878164918994075,1.358924410455638,0.14841893709427695,0,setosa
4.998072940699705,3.6353149690221827,1.3388251317953053,0.20014032605855842,0,setosa
4.974001752207948,3.5609141825146127,1.4341375061085846,0.17927321243637337,0,setosa
5.059932067322595,3.5688064254341443,1.4154600797450332,0.1909086797377119,0,setosa
4.969839127634946,3.62350700170311,1.3938006970770076,0.22412842322854587,0,setosa
4.99810833971132,3.5565673497879424,1.3959172302724436,0.20207820678064564,0,setosa
5.038338518155248,3.563749239706593,1.3984268058693077,0.13112485079079844,0,setosa
5.0260597224137324,3.5567406810143742,1.3277456191566557,0.19763132662901053,0,setosa
5.044227398346514,3.539022122071525,1.356478576584463,0.17026900435786876,0,setosa
4.95482013414632,3.6151771155333834,1.3677053021982204,0.17113941054159193,0,setosa
5.023332215947293,3.569779414761253,1.4173112039112288,0.1611445931247183,0,setosa
4.9515144594313885,3.526582028432363,1.4744481114764691,0.18718963871476013,0,setosa
5.009757334717937,3.5987580196407682,1.4063984702802905,0.2019874591749749,0,setosa
5.076328681568108,3.5584429363617143,1.3377015157560728,0.1595216132606258,0,setosa
4.946611639609658,3.629878482099278,1.4328151283815103,0.16154737819398696,0,setosa
4.944382568941481,3.585808133874356,1.4556449551150556,0.1,0,setosa
5.021065070760635,3.556969790902057,1.441614685861651,0.15688304236492992,0,setosa
4.988583366911366,3.5397488359744176,1.360909685980076,0.25543356652184473,0,setosa
5.032823147435602,3.583933273913973,1.3651931051918296,0.12424771453952745,0,setosa
4.98425373152396,3.598763869896548,1.3966378256866205,0.1962483228809532,0,setosa
4.955127614910923,3.5973490445853753,1.3984530648185958,0.2516224815121271,0,setosa
5.074669338174094,3.5945204389232885,1.3693477619529644,0.19740071480952145,0,setosa
5.375695148989823,3.87030264737015,1.6976539939231143,0.3582678227539074,0,setosa
5.424244270046201,3.895843378032637,1.710000332274398,0.39268239856117315,0,setosa
5.370909822109904,3.8620816176100456,1.6905089598270182,0.37804958650288756,0,setosa
5.409356053328383,3.8998227318720944,1.6455077300830907,0.4026848519771341,0,setosa
5.34628558331437,3.8753408949792285,1.6882258556312861,0.3169890688835476,0,setosa
5.403660297914399,3.9060393339885735,1.693679032263013,0.38302730910113625,0,setosa
5.3850558535956745,3.8609384212555575,1.6892119852108476,0.37789552785940556,0,setosa
5.403667415707496,3.8518345564182055,1.7094235963604456,0.40572875573910683,0,setosa
5.3943374867128515,3.8824318070765482,1.7220935956988044,0.33341593172824546,0,setosa
5.4184181335258055,3.909721498647615,1.7113350517013846,0.415332503697307,0,setosa
5.373854223736286,3.8896215976679427,1.725482333248654,0.4172255697633244,0,setosa
5.408268510617706,3.839427190195215,1.7215154845953282,0.44677883967972426,0,setosa
5.440386859721714,3.9093551219507643,1.6376928558558321,0.43770179256912084,0,setosa
5.39410981453121,3.7986992140773213,1.7150882961242881,0.34031312867681857,0,setosa
5.348142376792198,3.874601644305046,1.7509036471153152,0.3851661858328643,0,setosa
5.410839663509469,3.969918718550089,1.7637611905062316,0.39586586336690543,0,setosa
5.3903391591175795,3.849565174636418,1.6722216770327363,0.4170143339045108,0,setosa
5.4158292304723865,3.9044095292469585,1.739792066302557,0.3691052794786728,0,setosa
5.397756939192662,3.929249719539792,1.7233658362491167,0.4428378310292968,0,setosa
5.415880816270603,3.887623897776127,1.714487690410496,0.35989619214463564,0,setosa
5.334421626738275,3.923226871235887,1.6977943866871597,0.41233638505668035,0,setosa
5.332092625446344,3.8853954390109826,1.6760057154507388,0.3654315154105332,0,setosa
5.309799399741502,3.8866050607145177,1.7358921715266475,0.41523990887454953,0,setosa
5.375962135613368,3.899404961133988,1.7302720032095202,0.2895832854938323,0,setosa
5.395018538127735,3.9217280058872572,1.727285145009367,0.46802920828040123,0,setosa
5.44540182716386,3.9125025133898497,1.712079040244617,0.431477813919784,0,setosa
4.578426920210306,3.3983924778022727,1.4362495601231413,0.37829780859580364,0,setosa
4.59362930777073,3.3980639724268054,1.4079392077515072,0.35372814776032224,0,setosa
4.598787467856433,3.4587743614588455,1.3613337113028499,0.2925585481705202,0,setosa
4.592073393732578,3.4314602289638487,1.441810415079131,0.2396222256752707,0,setosa
4.563395294967551,3.4134740991510584,1.3736522541645673,0.23910288897409426,0,setosa
4.641539198880939,3.419758803366146,1.4197270998744298,0.2809821713421562,0,setosa
4.641157538086692,3.390401600142915,1.443857411112918,0.2635333939622951,0,setosa
4.565834582092648,3.408186528423908,1.3719067141681176,0.3270180426147532,0,setosa
4.6104035097651614,3.363081151285476,1.4029146240378039,0.2859488924725053,0,setosa
4.636633313167081,3.374697880672872,1.3824330761810848,0.3484494762150534,0,setosa
4.6895437355697,3.4799603465691176,1.4025289204664242,0.30875418828272894,0,setosa
4.661338346491306,3.3950226077502146,1.3609460345145052,0.30467502389745194,0,setosa
4.618060671221285,3.36683401528727,1.334150754340034,0.24253081941783594,0,setosa
4.626617171366893,3.369664939347526,1.3943461163051554,0.3085023473735135,0,setosa
4.624765635163788,3.386603888051461,1.419948628019224,0.26439758831516624,0,setosa
4.585531438972879,3.359023376488485,1.4452706886544766,0.2989166708773203,0,setosa
4.570427700494788,3.385905128077394,1.3911308607710688,0.32802079165300035,0,setosa
4.53617455287259,3.358511766334983,1.3848757099377,0.40129223331071223,0,setosa
4.638227155701279,3.395541932834762,1.4284799832964334,0.38229744678521344,0,setosa
4.590650242928984,3.3853434662360975,1.4484777417288757,0.3197670199253177,0,setosa
4.626853326212902,3.379671104028777,1.4769681252937097,0.3683836320637464,0,setosa
4.62263791155491,3.4273715935258893,1.3189095651102785,0.3255083917398883,0,setosa
4.5922356565109865,3.4173562282331287,1.4272983764738438,0.286348329275669,0,setosa
4.532380727992516,3.4147149826029692,1.370344653902384,0.2867922362910264,0,setosa
4.575819606236232,3.3863370297897926,1.3076191617093622,0.3486778850892607,0,setosa
4.610133844093059,3.4444559705167546,1.4791936731923974,0.30090372490251,0,setosa
4.927902549766377,3.3642445259848164,1.4517238207641316,0.17992501427420005,0,setosa
5.003185919122639,3.3199125093190704,1.5136990197336622,0.1395857338685649,0,setosa
5.011894610512001,3.395620354192921,1.4874547504322968,0.1970782777623475,0,setosa
4.978408879370733,3.375501142263833,1.4326897443652444,0.19881490740602684,0,setosa
5.073821348424933,3.479219802515384,1.5528727038617978,0.22823206403406232,0,setosa
4.9729407950368,3.4577100315286504,1.4977548978223612,0.19724497960947707,0,setosa
4.988350914726429,3.403678475960732,1.4825914039364778,0.19664871322507577,0,setosa
4.956616035650909,3.385053451810379,1.591222258797993,0.19721623888152215,0,setosa
4.99045357740913,3.421294971164202,1.5283248728681385,0.15544924563311707,0,setosa
4.99171364868787,3.4367310336373906,1.5107935051628842,0.2048781617400709,0,setosa
5.06216070674435,3.3728890896144144,1.5033098358043053,0.17919765338979715,0,setosa
5.059612329163049,3.321925584028939,1.4731943321806495,0.1788337213588833,0,setosa
5.026541584926863,3.424251019044381,1.5558077704095492,0.137038686306507,0,setosa
5.030019000361219,3.3882688054284675,1.473374990509673,0.22158274133490086,0,setosa
4.963194416690574,3.316923468187427,1.4851912604430946,0.14008916593432386,0,setosa
4.974043367157173,3.414862190550044,1.5124799898245662,0.2634759779591427,0,setosa
4.992013810122261,3.3386667363780855,1.4697561257345728,0.16322463101494913,0,setosa
4.95128699366167,3.4174146878006177,1.4741907064813904,0.1209050873325197,0,setosa
5.027876912124769,3.3955429372517316,1.5142734911341016,0.20422886178799932,0,setosa
5.025266189365935,3.4015207498806213,1.5494480993391284,0.21699931159908903,0,setosa
5.015682704935536,3.416394676707302,1.441734490297251,0.19341456992785122,0,setosa
4.9896273404180205,3.408301868846419,1.4456522334281483,0.2653645910757164,0,setosa
5.004175546566261,3.351547298373973,1.4316445214568465,0.18874850825117326,0,setosa
4.996412983482942,3.371268316561024,1.503684553116957,0.17435296931041758,0,setosa
5.0220663300682515,3.3710183272644447,1.498459990995803,0.23915356693448556,0,setosa
5.102866755316412,3.359694272294776,1.4814196891965161,0.16640657208800264,0,setosa
4.431373132870771,2.8540760277712973,1.3806257181762764,0.1988159486704996,0,setosa
4.36085285842081,2.861706998307633,1.3809750844751254,0.11598239038650561,0,setosa
4.342180871317067,2.883478636488273,1.40592922545368,0.19256960056185626,0,setosa
4.329041252206425,2.8814485483296,1.431937505620247,0.2222346204796529,0,setosa
4.396850085538887,2.864505204996072,1.425248654838088,0.17684284075160214,0,setosa
4.35323006390104,2.8679125505935286,1.4579338116709661,0.20880720152806773,0,setosa
4.446369882121909,2.8808265474676253,1.4375259735674055,0.17593983825527693,0,setosa
4.393702905238687,2.9994540103982277,1.4306859452919847,0.1799531849868923,0,setosa
4.396607238438931,2.9130489368354255,1.4484183035806362,0.180434676333194,0,setosa
4.330347236615821,2.8888143274749476,1.4006154182865502,0.2043815187494096,0,setosa
4.452667605447306,2.9126674831322372,1.4325166788654393,0.1559554522430079,0,setosa
4.434716059536982,2.9838487932662514,1.430916371610007,0.21014222879762873,0,setosa
4.40615952753631,2.97148568956104,1.3629127406643653,0.195555905681838,0,setosa
4.418408303717529,2.929760044312528,1.3825068837716645,0.21229285578908944,0,setosa
4.388883140745955,2.904818845312051,1.394716338385044,0.154336252885778,0,setosa
4.399155456599063,2.9350860608824734,1.3613192683383328,0.19035633004900662,0,setosa
4.426591202578286,2.857205395730113,1.4073055335003262,0.15759480724186253,0,setosa
4.4453852200333515,2.9925128552751943,1.4808902113698306,0.1912327728890745,0,setosa
4.429607965149626,2.9048399091400063,1.4040842358427712,0.26191028243751324,0,setosa
4.347232816952634,2.9422117838986446,1.3980409601937704,0.25634162482416567,0,setosa
4.4074893347559785,2.8730931202189525,1.4110856150700553,0.22943868380118734,0,setosa
4.401430546964448,2.919521531062264,1.3791329929719205,0.11464464396619709,0,setosa
4.436000943350934,2.9279663894473713,1.4059271353845733,0.20273642248841295,0,setosa
4.44145183077419,2.8817157309809374,1.3717386373856593,0.19245800522016057,0,setosa
4.447563887542062,2.8445154838294204,1.4476731997045602,0.17442988583177946,0,setosa
4.3559702600110395,2.950402473445693,1.3961243962081522,0.1479906254246031,0,setosa
4.885650677637743,3.1372420972354815,1.547682967704871,0.1,0,setosa
4.9162528303638915,3.1285633852957773,1.4742149402513458,0.11420144300665774,0,setosa
4.898724883409778,3.0785590235810765,1.480314082584843,0.10268137927468844,0,setosa
4.901194139478346,3.0773804018670265,1.4829621956639936,0.1445334895336135,0,setosa
4.90855308540708,3.1354037746635313,1.5480728892774969,0.12355369038558195,0,setosa
4.990835452535298,3.0669878387294442,1.5323363837232917,0.1,0,setosa
4.974231330534852,3.168017604855697,1.4218315527197303,0.1,0,setosa
4.926572516431774,3.131594688395379,1.529462568646371,0.1,0,setosa
4.918204832982539,3.126120857431453,1.4968851492185071,0.14109207873446514,0,setosa
4.809620110035638,3.1253517407827998,1.458637895508571,0.13834711231877558,0,setosa
4.890852623004353,3.064448509156639,1.5149560862697697,0.1,0,setosa
4.863489284097785,3.037308225761876,1.4989316898080756,0.11987294086763342,0,setosa
4.94092103944525,3.0943308855284397,1.5419142083379058,0.10071843900539208,0,setosa
4.896268460760818,3.1229425179143115,1.5423357110450302,0.1,0,setosa
4.890249535121762,3.0935667438120067,1.5033107650796735,0.1,0,setosa
4.9411202424026515,3.083983614728867,1.5184977382711147,0.1,0,setosa
4.914352158112356,3.1156637206300135,1.4831727437281066,0.18083557731988567,0,setosa
4.9148415984496765,3.1710771569190954,1.538365556955925,0.1,0,setosa
4.884712527373685,3.1174440826942895,1.50244690127355,0.1019784456703573,0,setosa
4.8885518018250185,3.0276609457703603,1.4909826942631723,0.1,0,setosa
4.914872782751398,3.070957688502892,1.4713833309531144,0.1,0,setosa
4.910906893851835,3.042719752890562,1.4300559524178638,0.1,0,setosa
4.818330899032051,3.061326015604428,1.5636353212209186,0.1,0,setosa
4.926056206996008,3.045134607669395,1.5119648061028998,0.1,0,setosa
4.89760748857863,3.1227511037747018,1.570249605012647,0.10778825399333095,0,setosa
4.904974358055844,3.0610652913007077,1.5233335862132933,0.1,0,setosa
5.433280281716337,3.6982517419806014,1.569634228152394,0.12068333987450137,0,setosa
5.388136025593798,3.7352592655520507,1.4859723121166004,0.16831307723978156,0,setosa
5.389364775770417,3.6448028500957066,1.5047581508675907,0.29761847360692895,0,setosa
5.44580125992907,3.6556396357393894,1.4650663567068682,0.18381088763910186,0,setosa
5.440176645109358,3.6671405196332327,1.4723907432420986,0.2353899773405962,0,setosa
5.434586102819006,3.6850474135844222,1.4552894634250884,0.13801020706949174,0,setosa
5.372040394923596,3.610778843909139,1.5299927952763965,0.17479877200781765,0,setosa
5.419251746569806,3.7747329955040536,1.5469198282853145,0.1539546064821204,0,setosa
5.434769959459068,3.746314281100658,1.4701457392761563,0.16186812307711984,0,setosa
5.395612324106459,3.635943066019353,1.5588293979720622,0.10378544827878039,0,setosa
5.355727703370318,3.6892173934396335,1.4909165163467726,0.206644966925705,0,setosa
5.410857942746993,3.691455519414982,1.5454754527507977,0.11442495321451224,0,setosa
5.399993419443322,3.671416623531384,1.5053005374057395,0.20883039351785115,0,setosa
5.363526844940209,3.6743620401385804,1.5317034689300737,0.21396225074603945,0,setosa
5.372790062535901,3.7815956383736777,1.5923671059398032,0.1415015008415858,0,setosa
5.412071798412014,3.800359777425296,1.5313559451673957,0.20884240571650187,0,setosa
5.391677726665623,3.6783522285649313,1.4914994118952105,0.1779708235036745,0,setosa
5.4297963343423215,3.6840738538923423,1.4823539395195977,0.1519135725268368,0,setosa
5.398016405024788,3.66423513306244,1.4927699932508363,0.2416726221088613,0,setosa
5.414636995452446,3.7201890117914176,1.5142436359903122,0.20236702920765975,0,setosa
5.394906870773135,3.6876877513639337,1.5303646803533228,0.15663040762847005,0,setosa
5.453628903449022,3.701363122507393,1.470051984376905,0.1804341568383995,0,setosa
5.372920383952476,3.7064082599611217,1.4712862782204676,0.24568524795134947,0,setosa
5.36873444029543,3.6090991227834333,1.4707600602909643,0.11965915306801372,0,setosa
5.398405245977094,3.742366319134853,1.525910392010627,0.1464964198021103,0,setosa
5.369509788737281,3.7711453414226677,1.5127404563493734,0.20016474770536236,0,setosa
4.842242502447742,3.4981096450172062,1.6518629311031896,0.20557661019082318,0,setosa
4.814187527039393,3.4246831916439286,1.5754920601395952,0.1576512210913024,0,setosa
4.802097963339575,3.362111550821475,1.5975415032385973,0.20384492159968362,0,setosa
4.893641492875317,3.365958000213737,1.5951284427211627,0.1934278844166187,0,setosa
4.817492421335013,3.441868973263345,1.580380659934934,0.16714591879579876,0,setosa
4.734371575362734,3.362951820127886,1.621457633383064,0.20182588167292811,0,setosa
4.759382640203754,3.3850893009406056,1.6012589179116108,0.22014715726435724,0,setosa
4.776264225886459,3.389982397693685,1.5272626106663918,0.15394456791048228,0,setosa
4.864708626327154,3.312474373092206,1.586487897894639,0.2087679291737702,0,setosa
4.785026030186918,3.367673699065384,1.5975568587045068,0.19980138393990882,0,setosa
4.796715303802724,3.324891515153915,1.5941038548817843,0.16579549238833777,0,setosa
4.778090565007458,3.4090789905336583,1.6256291500192228,0.23587109336967493,0,setosa
4.780143477720844,3.4369601110688044,1.6469491013049598,0.24546551698184238,0,setosa
4.855590717552457,3.3941726997632435,1.5930347233970696,0.23300203117577395,0,setosa
4.745339027394879,3.4083771618907335,1.5787776403132034,0.1852484379655437,0,setosa
4.7303394220840564,3.3643782277678715,1.5991802428217154,0.23553812696374438,0,setosa
4.839601063576322,3.3967869410001637,1.5924284657108414,0.16677283251934644,0,setosa
4.816094259879045,3.390096879979698,1.6242353815659603,0.27006747216503846,0,setosa
4.798705001709528,3.340105821033037,1.5655659822788461,0.14167410234653532,0,setosa
4.752115612423401,3.4522108289394184,1.6090663829383394,0.13919302273696965,0,setosa
4.8261452866412045,3.4504149949631553,1.5856050177025656,0.17296036643452456,0,setosa
4.786504891500602,3.4113842604101667,1.6255988060102549,0.24728867352160935,0,setosa
4.848499128236527,3.447416153929079,1.654476857271203,0.22645551159201416,0,setosa
4.73876373582672,3.394761430819455,1.6125568205049354,0.184674949399692,0,setosa
4.836450434196078,3.3855914411125796,1.5629701188014518,0.2577719599775625,0,setosa
4.826640172392254,3.408770151368015,1.6370683636583936,0.24250136957341545,0,setosa
4.813641432438907,2.901693543244228,1.372976421973291,0.1,0,setosa
4.760631964195475,3.0079470973568125,1.4476880853140537,0.1,0,setosa
4.754606693213165,3.08112139243642,1.3819424957560986,0.1,0,setosa
4.809507089984738,3.0170273032635815,1.371797996412773,0.13161814298353064,0,setosa
4.7805072224685325,2.9630819633843846,1.4071436347409942,0.13083075908499803,0,setosa
4.774645940352212,3.0132250222405688,1.3962603344237858,0.21297734598944573,0,setosa
4.771657612753476,3.0553668640215803,1.3979061484624444,0.1,0,setosa
4.828866604461457,3.03575962266162,1.4506806256381355,0.11314606940540632,0,setosa
4.775984144409683,2.9784941558326374,1.420386127635334,0.12323599482430965,0,setosa
4.85592203762786,3.016737218216748,1.4424067306103094,0.1606708413913583,0,setosa
4.806592021781244,2.9405776539363724,1.3528289165399767,0.1,0,setosa
4.863663615240564,2.9661036562068426,1.4492736626164915,0.123429276462555,0,setosa
4.868610765073562,3.0401237527795137,1.3959051895514638,0.1,0,setosa
4.803406708797846,3.0070104380759544,1.3787702531550632,0.1,0,setosa
4.864372802480095,2.931914467566974,1.4103395255810744,0.1,0,setosa
4.807481483312195,3.033594231008328,1.3976955927816923,0.13091947679393606,0,setosa
4.736406423944632,3.0442795645066187,1.3758748302940753,0.12489632279169462,0,setosa
4.807297923839059,2.8965775128350484,1.369757435141191,0.10882033471741609,0,setosa
4.862159043262765,3.011490731436147,1.4103078351908296,0.1,0,setosa
4.857245867860939,3.0722830798075247,1.4011430017249589,0.1,0,setosa
4.735238011367613,3.0353328423582595,1.5080911730276967,0.12868452299145966,0,setosa
4.8505481407261275,3.021683491748327,1.3605993645372496,0.15346690524079454,0,setosa
4.750617004021211,2.9915734037734785,1.4111540698001008,0.1353163864310663,0,setosa
4.816639426617239,3.0154733800333364,1.3695404772628494,0.1,0,setosa
4.802459226730528,2.971592208910284,1.3476885748772298,0.1,0,setosa
4.780394861033075,2.92589684559304,1.346101251886225,0.1,0,setosa
4.307290378551266,3.016319369180737,1.180285638527313,0.1,0,setosa
4.272816121643613,3.036504455572912,1.0913290478004418,0.1,0,setosa
4.368366788133582,2.9864637536191707,1.05375220522664,0.1,0,setosa
4.313427772892557,3.012209664136239,1.045131905188553,0.1,0,setosa
4.321388505512624,3.0230906709010057,1.0742711166558405,0.12488864807407937,0,setosa
4.3228741834916224,2.9286767300512184,1.0875174499820517,0.11660502364484489,0,setosa
4.2770769719134405,2.9144427252412917,1.0886794111413551,0.13008372639765647,0,setosa
4.363216223432525,2.9123686935498405,1.2045328538225708,0.1,0,setosa
4.338278834832045,3.0493679228213755,1.1393206920053522,0.10598473918241504,0,setosa
4.253543293492483,3.025062351519443,1.0713906729289797,0.1,0,setosa
4.413155945348651,3.0283240808784266,1.1727230851394617,0.1,0,setosa
4.358700112936476,3.0635947663259597,1.162181980980047,0.1,0,setosa
4.251901518250296,2.9929074877254545,1.0118892354493358,0.1,0,setosa
4.30367755124601,2.960344061369273,1.09342212578181,0.1,0,setosa
4.377229081940736,3.0519050627900377,1.098205096633487,0.14835598136677375,0,setosa
4.268811474212386,2.986524119036205,1.136408972404696,0.1,0,setosa
4.288840770867991,2.947166165596478,1.104698896313119,0.16530063022357736,0,setosa
4.269916124435961,3.009035179836553,1.06410712393454,0.1,0,setosa
4.25056601918633,3.058190083256384,1.194497418824704,0.11932174821222302,0,setosa
4.2713482812345065,3.0281956653737274,1.0866270589462788,0.13205593390149492,0,setosa
4.311639745527978,3.0111881660342035,1.1242910423750114,0.1,0,setosa
4.283825287075485,2.931150176397842,1.0823252223418618,0.1,0,setosa
4.294212752038402,2.9616947620245497,1.1040493768128523,0.11812957225662961,0,setosa
4.243195097157405,2.9674688362301613,1.0622675239265849,0.1298597370031377,0,setosa
4.368254481095473,3.034061464614789,1.0860232428920351,0.15860025558544516,0,setosa
4.239435690542349,3.059974322085124,1.0737514317479273,0.1,0,setosa
5.9060321895633905,4.063120922972942,1.1587246509151956,0.2067603459037264,0,setosa
5.791420021909872,4.004088832131798,1.1406685424983507,0.17274024069332825,0,setosa
5.818718451309905,4.008907846798223,1.247969540400265,0.20319001029708375,0,setosa
5.89396886743592,3.9713707377132543,1.2103732956781417,0.12334728416266133,0,setosa
5.749874674849418,4.053141038437254,1.1622878893008537,0.2212270069600573,0,setosa
5.797529165705944,3.958218041692497,1.1860700290325137,0.17943065461413119,0,setosa
5.780505365261682,4.030144328437098,1.226093782176663,0.17690297213491776,0,setosa
5.763715887846431,4.011293493380733,1.195999383529976,0.24113129849799123,0,setosa
5.906211742824535,4.033716977376992,1.1986107891574318,0.1931182411648377,0,setosa
5.765732235181433,3.9637330886246964,1.1598633795799569,0.18418659314378485,0,setosa
5.782914262169566,4.029749228262473,1.1840400393999817,0.1921020113425569,0,setosa
5.751269038977767,4.06578302516788,1.2202794563834622,0.27155492676895654,0,setosa
5.831875431681441,4.059585438076532,1.1900604989822012,0.22868643231827612,0,setosa
5.908220254780378,3.9510586215357675,1.2470507582025687,0.26791776873647744,0,setosa
5.816845103108377,4.030608497428675,1.251185378708522,0.17318819336138128,0,setosa
5.816696469125755,3.9644798025752497,1.172350118347143,0.1747374901755367,0,setosa
5.794149269092312,4.0059910255393385,1.218521326680744,0.1419636524073858,0,setosa
5.881071016873622,4.0473411582702505,1.2297425107757103,0.18533878433573173,0,setosa
5.796347733330631,4.0224466568253305,1.2168575994558113,0.13115750247692703,0,setosa
5.830371170570802,4.119529903536132,1.1242684019939162,0.2407871048653637,0,setosa
5.815140079003038,3.9954233912115384,1.2562806296008924,0.15145614747679154,0,setosa
5.8066837997111405,4.0600781860771304,1.191916058206698,0.18282947867893717,0,setosa
5.804719088895918,3.981729786079807,1.263566749211744,0.16272608905315372,0,setosa
5.835877250813223,3.9485326480173426,1.2275028961088739,0.19568802121698525,0,setosa
5.693793521147125,3.9997542738658507,1.1561286503490298,0.18172873949625112,0,setosa
5.86326207194597,3.9540567565183733,1.1564019829709364,0.259235314274872,0,setosa
5.704767876818728,4.463389236703663,1.5133042949646356,0.36371741313574363,0,setosa
5.697273305125788,4.45056513721789,1.5387002089940454,0.4000364612830323,0,setosa
5.7020057468284975,4.395371982395393,1.4762133131501463,0.4794351899750058,0,setosa
5.700295726806595,4.353483635248305,1.4803832980553084,0.42987279443056964,0,setosa
5.726382377275132,4.394360038613073,1.4725097217346081,0.40098328483759105,0,setosa
5.63117249799788,4.346462271398344,1.5328559837655813,0.38028924820750587,0,setosa
5.715419357355708,4.450103701322836,1.5267164996999938,0.4008475861327246,0,setosa
5.7875192745812285,4.427459951856507,1.4854215862423208,0.4301078690582754,0,setosa
5.716773859755871,4.364800561108748,1.5030006081630993,0.3932150319843453,0,setosa
5.619137906251862,4.392909941709177,1.4883577861524036,0.3819744265990169,0,setosa
5.632356128072335,4.385413999269957,1.4983679163710188,0.4041918216283441,0,setosa
5.653305615981708,4.426009066363638,1.4500131456614702,0.3907983513962206,0,setosa
5.753666348818269,4.371529707919643,1.4789999328812484,0.44413412309350303,0,setosa
5.684211460207301,4.38778974459418,1.5090943474003886,0.44313676425978676,0,setosa
5.609414963561742,4.365953153898636,1.4586034623674413,0.35542346075666187,0,setosa
5.664888660986212,4.365538067643791,1.5123686420480094,0.363514892181133,0,setosa
5.705023371118458,4.416456822994876,1.470077872772725,0.40535504701653585,0,setosa
5.767100764617844,4.413202158568485,1.4738808230456035,0.3973391755568342,0,setosa
5.662482318688314,4.411085448694457,1.5352979655778936,0.3664822282099094,0,setosa
5.691442246588787,4.445491845642149,1.4796605716322928,0.4076841001204098,0,setosa
5.658154767997809,4.366528568910281,1.4790614724174345,0.4870528009285718,0,setosa
5.683637994346539,4.3788016525572155,1.4774722588609144,0.3933759058376691,0,setosa
5.726237204734117,4.407579617480142,1.582312586988016,0.40855177786931646,0,setosa
5.757896165974263,4.4110684446409945,1.524223259937898,0.3422560024114675,0,setosa
5.694917622074433,4.397242090374848,1.4902817197241012,0.31388485491236534,0,setosa
5.735224978474906,4.384513986812713,1.4824771471101474,0.3897931415583937,0,setosa
5.390876832445023,3.91628393683155,1.2491587099373895,0.3627583177233201,0,setosa
5.411625331835976,3.9058233124528146,1.2849338076436507,0.37704350377436074,0,setosa
5.3666230118732035,3.897665793444173,1.3472292989276577,0.35767796994483797,0,setosa
5.460932721866007,3.933759258615217,1.2818814505076024,0.43132299501852345,0,setosa
5.341363863325517,3.8307370021935503,1.248408709753953,0.3836101413874323,0,setosa
5.386983601242013,3.8793943033142932,1.3039769076225902,0.3145938436912528,0,setosa
5.419813976254062,3.8432279768443065,1.2735659757909872,0.38348598134828005,0,setosa
5.3537515745303015,3.8451600132544965,1.2597567333914277,0.39952305431435287,0,setosa
5.423599287162378,3.9225694071081576,1.2602203584691805,0.3683369140715218,0,setosa
5.363175873414003,3.917992492483859,1.218503192779258,0.4495335704232892,0,setosa
5.380607804988414,3.868659005447985,1.3135781518363026,0.44130476220425413,0,setosa
5.413703330275397,3.9421097782927443,1.3053743526661508,0.44918554422830936,0,setosa
5.449806401544748,3.8960208484267174,1.3575682355170782,0.40658934805253993,0,setosa
5.403475728812081,3.863141053182104,1.2884487997685123,0.43110330983374334,0,setosa
5.347494123610544,3.925984960373011,1.3139446380507787,0.41110245665000483,0,setosa
5.3117403121830415,3.895870283214616,1.3259304003076384,0.3694818017232728,0,setosa
5.403612267963911,3.8048770692372713,1.3268557214515388,0.3735026876129703,0,setosa
5.434854277902669,3.8262885489627108,1.3276906955330259,0.39052242849390734,0,setosa
5.4323041519067585,3.862971608515516,1.2752617190102713,0.4896980537929017,0,setosa
5.366801913982511,3.871758911703685,1.2889367185133966,0.3590976509671854,0,setosa
5.4476182714540125,3.96900053256817,1.2718357573366665,0.3309587128394683,0,setosa
5.44687909211963,3.944335620471669,1.3328663676871435,0.44626045738995657,0,setosa
5.365298989367048,3.8932601436531225,1.244635615826378,0.3432734868165675,0,setosa
5.439244052290782,3.8731234695022754,1.3911828637608024,0.4029672043993029,0,setosa
5.374383007390652,3.9319154081482544,1.3720504943039749,0.4194452383770059,0,setosa
5.351314193168254,3.9148401120754026,1.3550239224426692,0.3802703620389482,0,setosa
5.069054321703549,3.540657916454516,1.405598709620079,0.25589831589269035,0,setosa
5.084810135936738,3.4697735003613617,1.4118507465948167,0.3043873805397415,0,setosa
5.1460178817224085,3.52838660167925,1.337458640238825,0.316279621258211,0,setosa
5.135877292786936,3.5182351706813155,1.4412023863711791,0.2780169202931964,0,setosa
5.061966726908565,3.5372028010097,1.3573814131405715,0.21361849868889188,0,setosa
5.14101199778628,3.471032602973252,1.3877573519596131,0.24408082607078352,0,setosa
5.046978896519795,3.453736446320976,1.3855740059307275,0.3147999630462372,0,setosa
5.008087551369703,3.530086926984721,1.352720073488456,0.2573475296818375,0,setosa
5.127114215522999,3.4970146426994244,1.3385426485503724,0.3737837074893749,0,setosa
5.065575135802368,3.5098926380778996,1.4079956139443142,0.3564530864745278,0,setosa
5.081773246582165,3.540323587375304,1.3703244191072748,0.34488515434008876,0,setosa
5.069480614816726,3.48551163605542,1.4758386619159611,0.3126788555247335,0,setosa
5.104390358908107,3.5896819710004824,1.4144542669613391,0.2673545076908558,0,setosa
5.12938511993178,3.452732763319676,1.4451326615497566,0.34823911039280675,0,setosa
5.07708163285835,3.474883926028646,1.4070601704940364,0.3005662060711586,0,setosa
5.060892495325346,3.5227235146527525,1.3183249721494474,0.28268562166971706,0,setosa
5.083842361405722,3.489069377939101,1.4122889562150287,0.2508791029432347,0,setosa
5.123540603329432,3.4927938393871325,1.3739913555274548,0.24532695462017556,0,setosa
5.052675629130695,3.51441299088117,1.3614460356183151,0.30256794791407793,0,setosa
5.1424793181903246,3.54130570461385,1.462415878430513,0.28814826705928753,0,setosa
5.0565940371272475,3.5408210204155135,1.4123841540201827,0.3449580260030968,0,setosa
5.10044224284216,3.5478258409785055,1.4338554968021706,0.32865683613670493,0,setosa
5.120140915111862,3.5159079605011643,1.4093214322805865,0.309036249581162,0,setosa
5.139607783822388,3.479520813043562,1.4694274054437524,0.2957502981856317,0,setosa
5.139415287803553,3.4963903524884463,1.3901333601827883,0.3812896594292312,0,setosa
5.087626208591945,3.448911329492974,1.3714367136391705,0.28731088185967196,0,setosa
5.786207674108711,3.8082702372882524,1.7373885359919718,0.25993600172479664,0,setosa
5.714104331590446,3.826859133935858,1.772065078218574,0.2721491820670408,0,setosa
5.724139578507754,3.812103356338133,1.6591314115787208,0.29922175057655276,0,setosa
5.689461003618544,3.7069853829621287,1.723946764975289,0.3216097367897412,0,setosa
5.68244260824016,3.7464575222154117,1.7591952346853048,0.31063997149575184,0,setosa
5.740668051760465,3.8564128718680806,1.679163728627079,0.3324861813056306,0,setosa
5.6903540394531955,3.7974980543400045,1.6965753753344526,0.2999472427017985,0,setosa
5.744558407985174,3.804953101241144,1.6938506900776762,0.2889385107393355,0,setosa
5.713652565968208,3.7642052774676835,1.6798936627780015,0.2979087767557098,0,setosa
5.677366067511666,3.795260953882525,1.6755689254832398,0.3801583111611589,0,setosa
5.753162429625914,3.8179980865225773,1.6978552592744454,0.3876305665119684,0,setosa
5.712918116322945,3.7965261796852454,1.7121250550727383,0.31223772825647667,0,setosa
5.756412708259349,3.799241412300643,1.78397299296229,0.2647191495999313,0,setosa
5.727762008676754,3.7599269289340875,1.7726840382649585,0.286777382444273,0,setosa
5.697672429127503,3.8369694762521007,1.7502136273611288,0.25552492653646813,0,setosa
5.686153640334339,3.744203069088009,1.7054922060550208,0.29594509859434676,0,setosa
5.686042639089617,3.7726215464439754,1.6845637414460854,0.27014418645078203,0,setosa
5.7211584736810455,3.8606380018881876,1.6227710356572391,0.2953612993571424,0,setosa
5.683273129036236,3.8196947435400515,1.6619293193062514,0.29414256677228906,0,setosa
5.65841631270086,3.8278679137389116,1.7039709851983316,0.29354101737745875,0,setosa
5.7148075171604145,3.790140667814762,1.6378471606809268,0.3238292163973307,0,setosa
5.711530806818299,3.7938368159382048,1.7393969972253422,0.3487398219916754,0,setosa
5.65630869463514,3.768756957120592,1.761891403830714,0.3567540746636525,0,setosa
5.670464274856556,3.7527715979105336,1.6744972978505608,0.2800753437272955,0,setosa
5.636637366724531,3.80124669010997,1.6487928436103392,0.25158441399833903,0,setosa
5.736644256890644,3.7726724289807696,1.697141152715422,0.3251638542270279,0,setosa
5.132528962883648,3.7865191948482892,1.501764699146184,0.26698376042420985,0,setosa
5.16989518785836,3.825997992710526,1.4558704088029588,0.3001623187542537,0,setosa
5.128542067494378,3.8191764386627494,1.5731668047216159,0.35489276452733653,0,setosa
5.078427741686939,3.7964327799815094,1.4487383442809525,0.3099781193155777,0,setosa
5.106040842381853,3.9081393145047616,1.5039030041683845,0.2162699047739564,0,setosa
5.073116540531817,3.804493968461003,1.4497593882962878,0.2653116926379373,0,setosa
5.0853745676708755,3.8136724653786245,1.4933863195515087,0.2644307005021226,0,setosa
5.131507249379805,3.778414502019018,1.4800276462635291,0.2448139363219486,0,setosa
5.068559370337526,3.826070863835406,1.4352937936586498,0.29715305221465155,0,setosa
5.128709000930995,3.7849156557148698,1.5095916207361986,0.255328239544683,0,setosa
5.152411116087389,3.8440420134441102,1.5094199633273329,0.22979684560336328,0,setosa
5.058161506492117,3.8390681224772534,1.568524843611148,0.31186461759940004,0,setosa
5.149892757361427,3.7756895318631383,1.4924245137355638,0.30004591614253234,0,setosa
5.1169238701493995,3.738847616382203,1.5376266737015318,0.3529018657746718,0,setosa
5.054050594046402,3.745786413149606,1.5140224045847048,0.2738275237555019,0,setosa
5.005166812696085,3.8323433406410143,1.5062237766760411,0.2809341200876863,0,setosa
5.184537771708429,3.8055561700671863,1.469862797587792,0.3040460724840139,0,setosa
5.058397229302764,3.76953172903837,1.5154545120850074,0.2778320717515099,0,setosa
5.08196103704119,3.866757794433631,1.5343859513274554,0.3321130328042728,0,setosa
5.1211526680879285,3.8193680624689677,1.5582633959562857,0.29921816056099354,0,setosa
5.1742205649959905,3.7619439332815077,1.4897984924911503,0.2448561455449645,0,setosa
5.086249079212282,3.820737697318176,1.5580498755690073,0.2734668984721238,0,setosa
5.100212178943964,3.785631584006602,1.4704560023686042,0.2524248218581068,0,setosa
5.102426446612072,3.7307173999825936,1.50442172603298,0.30083807741951013,0,setosa
5.073689988043045,3.7595638572036014,1.4446277087356378,0.3748531364391096,0,setosa
5.046321117432447,3.862308094382005,1.5240065903947007,0.2854391612686048,0,setosa
5.353716926251134,3.4416997398743994,1.769186047869683,0.16263902364760735,0,setosa
5.388050191764783,3.442064950591748,1.7134313344010736,0.27999843824624615,0,setosa
5.377194222021147,3.42169164833478,1.6499628812023333,0.2838356692199619,0,setosa
5.370786367508471,3.311681318828192,1.6949694391496148,0.1944227751554672,0,setosa
5.476622860502472,3.38644721418465,1.6994942502343162,0.22373755487651126,0,setosa
5.46345082732438,3.397470815423488,1.7415791157435152,0.22072338352243928,0,setosa
5.388150586609522,3.403102177679643,1.7011469551542697,0.16335901457129873,0,setosa
5.448547230177844,3.344575189893273,1.7468467569020327,0.23817677316498317,0,setosa
5.396278029676806,3.36938222610105,1.6909429965735239,0.21891098631980785,0,setosa
5.429722337574558,3.411476758541593,1.7396854534456327,0.17770261711890123,0,setosa
5.409383055940001,3.3372661675652218,1.730545066353496,0.20612705007806348,0,setosa
5.383377032913011,3.44646169674877,1.7276610459518602,0.1,0,setosa
5.401595329930695,3.3417990401308884,1.7426663949787342,0.2995629929161927,0,setosa
5.379258659571387,3.402983166100077,1.689958657043656,0.214032524488809,0,setosa
5.425781960624352,3.451487757461612,1.6605031466200886,0.26286539247294427,0,setosa
5.362739445758256,3.4110835479748,1.7463430655830674,0.22852794953591993,0,setosa
5.3624570023604665,3.371923055327019,1.681506763890752,0.19795322875496374,0,setosa
5.4458781299327494,3.348327542499928,1.7186680601845097,0.22439889728691484,0,setosa
5.422331548886309,3.4186522533783195,1.7607327248527966,0.2195123337346494,0,setosa
5.434278369782399,3.4225418601970947,1.7717245133091317,0.12400781041748508,0,setosa
5.4512843430847715,3.3895587690298625,1.6887713255825445,0.16122093027094359,0,setosa
5.325252181279727,3.3847242060976974,1.672508267619289,0.2197669591784278,0,setosa
5.341109501082504,3.457264527181765,1.7108773537285746,0.1900838923387685,0,setosa
5.371623066032565,3.3685117177819013,1.6547965134151754,0.17822557100371336,0,setosa
5.400242016595781,3.392905462022256,1.6434204850478085,0.18936687035825212,0,setosa
5.364272683386517,3.406395287402483,1.7745860750081646,0.22500090776453083,0,setosa
5.087475202447114,3.63500467306102,1.4434110276528487,0.33253106698097246,0,setosa
5.129038738536033,3.66939722599824,1.5025040103649698,0.3751194326983041,0,setosa
5.10364786167494,3.7560670852355784,1.472602162715305,0.38636178643087443,0,setosa
5.0677462435467895,3.7349829961407734,1.4589713124034305,0.35468067021964145,0,setosa
5.044493481377135,3.6436610594323904,1.518835773546855,0.5027650008062052,0,setosa
5.060184947343721,3.738061832932252,1.5100442816668949,0.3559190973499209,0,setosa
5.08893201799892,3.6906833329731685,1.4723719243350537,0.47722427494850206,0,setosa
5.0237551772137135,3.7152414579274833,1.5132609792253486,0.376815352071397,0,setosa
5.105980114615015,3.735104198747836,1.506109405417587,0.41669301290162725,0,setosa
5.1277164773308845,3.6187177603833383,1.5591351250188656,0.49113215880430894,0,setosa
5.139231802148652,3.740546585309174,1.4436701209073328,0.39526286525946086,0,setosa
5.067518247494371,3.676512229586397,1.5386814763586618,0.36784397651038525,0,setosa
5.094795948292191,3.623656771144732,1.493662719923777,0.4036006703954256,0,setosa
5.07180839167445,3.6712045280224896,1.5754569154393427,0.35161022856380253,0,setosa
5.057975318283984,3.6676395809879363,1.547952760904596,0.48406169775286934,0,setosa
5.113287034069841,3.67130727936238,1.4828907055543943,0.442592492699351,0,setosa
5.063557284843486,3.758117865088891,1.5566631273686422,0.40280832060561267,0,setosa
5.125845198772372,3.7299898379132586,1.5621684046463828,0.3579419300532034,0,setosa
5.147248186020641,3.684990879934454,1.4692895606569787,0.4041068972744623,0,setosa
5.091426228536531,3.6605002808648472,1.4361067828745984,0.36231620408392484,0,setosa
5.15809428902651,3.778502780137886,1.5260046578409647,0.4474370185964641,0,setosa
5.079326681376384,3.696913932996729,1.5113105892911998,0.35674841660376605,0,setosa
5.060402233325585,3.7038870922682077,1.48718784292369,0.35745772881843124,0,setosa
5.115461285170918,3.689468827980947,1.5408541580343822,0.39979275592728736,0,setosa
5.0879877416352155,3.705106927387237,1.493120661840044,0.3732781580923437,0,setosa
5.083921756570051,3.7299767616794988,1.525860668671959,0.4514491123745637,0,setosa
4.532280242268812,3.5842763728430675,1.0,0.2068709004923117,0,setosa
4.581913709684005,3.5794726796935183,1.031318996938272,0.20712350061344387,0,setosa
4.553345439100815,3.6533802528462047,1.0398700820123445,0.1770416141265845,0,setosa
4.633251216616773,3.570593470401878,1.0450279364185504,0.1912867503964739,0,setosa
4.567886304183093,3.585075824167331,1.0,0.2076855865063722,0,setosa
4.6070042093495145,3.6014321186111276,1.0,0.1,0,setosa
4.603713424612909,3.524150624882523,1.00976753406276,0.24523174958888977,0,setosa
4.610955425543389,3.5844225362019637,1.0,0.19467749492345796,0,setosa
4.578030334960864,3.57664842025764,1.0,0.24752648986655013,0,setosa
4.599377869072475,3.63825085582775,1.0,0.20288671000257677,0,setosa
4.593184694140659,3.618513442201089,1.0330654261128167,0.20958818485186836,0,setosa
4.573047353387918,3.5688018469220126,1.0663668215160313,0.1887984929781004,0,setosa
4.5883559139897265,3.6586002963158943,1.043514446184324,0.221353517517202,0,setosa
4.584024138583421,3.6941279036801684,1.0157189515043985,0.221879419145526,0,setosa
4.5931557547333774,3.54342770227689,1.0,0.21627912766946208,0,setosa
4.6156731772048545,3.590400067041136,1.0,0.14233368549759212,0,setosa
4.586885973427018,3.5417548827206993,1.0359566134379146,0.24610659127200227,0,setosa
4.713161366523732,3.6351326980693646,1.0,0.1651334005637961,0,setosa
4.461930876442949,3.5762044344599238,1.0,0.23871229028140056,0,setosa
4.62446400612748,3.623533989615191,1.008545104128622,0.22643640121730055,0,setosa
4.657904000058559,3.5574049244461605,1.0,0.1444587374074262,0,setosa
4.66474641239604,3.6518747649291217,1.0300913665392313,0.15205794321905072,0,setosa
4.606917792139823,3.5906144256097385,1.0032330819435111,0.1924752748155197,0,setosa
4.620798112991038,3.584206405240991,1.034182820243625,0.20965579433012788,0,setosa
4.588276953111124,3.595525865323028,1.0,0.23255536189055293,0,setosa
4.589141420601235,3.611795615884647,1.0,0.14059592498342993,0,setosa
5.136244176215031,3.2576749394873965,1.7271664387365342,0.5168061110356198,0,setosa
5.033758662359427,3.26221273738321,1.6794359743897045,0.46717127831036415,0,setosa
5.052717170564535,3.3296038271959487,1.69041978393617,0.5154276231994767,0,setosa
5.082779661839329,3.312213143060173,1.669953964012946,0.49893932901207233,0,setosa
5.123273831748619,3.301802912595802,1.6817155905758847,0.45653334008866686,0,setosa
5.106705318479739,3.3137978202082214,1.6896656220060358,0.4692271867631522,0,setosa
5.121703321344599,3.399269217686789,1.68790152082978,0.5134695777904443,0,setosa
5.115095719313249,3.1973414054542895,1.7049544938152617,0.47173925190702926,0,setosa
5.155387519354008,3.2898405671563196,1.6688985677570303,0.49126002655688705,0,setosa
5.106662442323625,3.2776037771775295,1.6978934888262904,0.4458336067382923,0,setosa
5.090989862123637,3.331026915043457,1.7787668910267245,0.5282605947083918,0,setosa
5.110877354395677,3.3473506343173773,1.740764346398403,0.566553708064275,0,setosa
5.143306234153954,3.29528545674594,1.7103379045053697,0.5071664501999014,0,setosa
5.1120855681402055,3.308012843561605,1.6687028480878097,0.4158545644554625,0,setosa
5.0731328555252135,3.218958620465294,1.7027183642952963,0.5001814555261295,0,setosa
5.032977019857474,3.3275267266851176,1.7346743233886088,0.5038340715637304,0,setosa
5.166706652073861,3.374866621751431,1.65176024014775,0.5414682057520425,0,setosa
5.117633915148551,3.316732791061869,1.7373779007058594,0.47123328816166343,0,setosa
5.076305102670998,3.2669331155161863,1.6698039050655071,0.4960595306328337,0,setosa
5.041927033270997,3.2581709049204113,1.7231011315624347,0.49716149139240784,0,setosa
5.1153181916359225,3.224429580671434,1.6686458693535948,0.4777830938904108,0,setosa
5.101301392590283,3.2765486331338343,1.7373285850602571,0.49766895535066197,0,setosa
5.100680566423903,3.3005415269197,1.7283194179773647,0.4811351715114411,0,setosa
5.144895751290931,3.318402344107572,1.7061614774619331,0.501669459501915,0,setosa
5.120812158715305,3.340615661517162,1.7378211020153997,0.515034406312435,0,setosa
5.135068750197491,3.3047343274297414,1.7500996079725308,0.49893573971160937,0,setosa
4.716994429011033,3.4535153026780936,1.9043140435210124,0.1531568621973809,0,setosa
4.792071051710688,3.3646466569395885,1.9840083753319753,0.2199073979033336,0,setosa
4.737251553014237,3.4218465818547545,1.8840504018071498,0.27667133343600614,0,setosa
4.757892135996513,3.3101188198671467,1.9026347671891168,0.18607890601801125,0,setosa
4.783336570604053,3.314350433553949,1.9170723740478977,0.2669338059137043,0,setosa
4.723638036763783,3.446848947496915,1.877251325729838,0.29396021088088986,0,setosa
4.817440316841953,3.3924862251461656,1.944215270635529,0.22104113802998893,0,setosa
4.7763017609607,3.428408677731559,1.8795721651861954,0.12846048131425564,0,setosa
4.881263687729896,3.386016675970328,1.8756394399732947,0.21354888253819918,0,setosa
4.737614725685852,3.3458568540720433,1.8800141319972492,0.17921112773788533,0,setosa
4.802875570899445,3.444902308525041,1.8810389210745984,0.21971193890999463,0,setosa
4.824061800036141,3.3566369847360846,1.909138228916512,0.1622933048270815,0,setosa
4.842555949781911,3.4182035951228995,1.9006601645744499,0.1464120138499554,0,setosa
4.804639600411413,3.3693188994569323,1.9282385056180904,0.19522693990537995,0,setosa
4.7675062174845015,3.4370207159004464,1.928861402708537,0.17626811684212906,0,setosa
4.846481113307139,3.388064212992626,1.887633935424153,0.20495204193073038,0,setosa
4.769894649924281,3.3823344039315,1.8935808288526017,0.2612113203863142,0,setosa
4.8599859896784325,3.3896451919763804,1.9644175096211487,0.19826853000363523,0,setosa
4.81522322711246,3.435343113350957,1.9116819130480083,0.2966072881672762,0,setosa
4.809733852569487,3.352096430179567,1.9522188389805673,0.18351746025951834,0,setosa
4.787828466746073,3.280333084659784,1.9400394359861335,0.2327379658641252,0,setosa
4.831960778934746,3.439136235861043,1.9676400081246925,0.19815992603823238,0,setosa
4.8375046599267755,3.3702464075214835,1.8858479526534306,0.24227040617317971,0,setosa
4.815644953154625,3.3466633922968763,1.914453175181908,0.1926835423655875,0,setosa
4.767253348354104,3.417371482012564,1.8838197721004462,0.13718041245952012,0,setosa
4.755553788853138,3.470766803061747,1.8394028433548957,0.20891208748321954,0,setosa
5.024402236572333,3.0255675618520126,1.5509811336544554,0.18713847322578742,0,setosa
5.005633869005144,3.0320083704191534,1.574201566751442,0.15346101981497842,0,setosa
5.04010296196642,3.0442061458395875,1.6148029022419608,0.17564851373209447,0,setosa
5.016270466216886,3.0043724281306345,1.6335051470476558,0.15003548136356376,0,setosa
5.00465043088556,2.9936374460533552,1.5556126514141033,0.20862592997633395,0,setosa
5.001396713435158,2.98358565331556,1.6158411499954377,0.1432481195708214,0,setosa
4.997854328273139,3.0172565666311595,1.611360714325027,0.24305711127831797,0,setosa
4.95195549703272,2.93968478301469,1.6095627096823304,0.21820610109743974,0,setosa
5.084792951727075,3.024664499048278,1.5650420681052322,0.23224118939607108,0,setosa
4.966174794090131,2.9405665621737507,1.7043640351885012,0.21303301517589687,0,setosa
5.028598025272288,3.0225420101079066,1.6724830709635807,0.21136426065900304,0,setosa
5.048707921307184,2.958908646000079,1.544313560378076,0.2570622804099039,0,setosa
5.05899438873636,3.0204290326125425,1.6090426601488519,0.2066470637861137,0,setosa
4.972473542862626,3.0615455159994562,1.6263552325932729,0.2202362177800884,0,setosa
5.015045010698872,3.0419165128542747,1.6202002119945549,0.22981439078364796,0,setosa
4.953242765005017,3.020401319938552,1.6874880604423397,0.17925907979003813,0,setosa
4.994846845263711,3.035677748356401,1.6382921266242276,0.22497708367969788,0,setosa
4.935295989473983,3.0200692109887144,1.5526530194055936,0.16701192326781195,0,setosa
5.021922151449538,2.9881670350575975,1.6323849165219109,0.3259255461500342,0,setosa
5.031087202015358,3.028914106120579,1.564170900841706,0.17428142906272742,0,setosa
4.957453524537956,2.9786961665389526,1.5563299177627965,0.17361239931735561,0,setosa
4.99165112658728,2.9599770452811254,1.5432361159615031,0.1455414590168959,0,setosa
5.018156844495749,3.0023898612544784,1.6410376131325943,0.2417775687386881,0,setosa
4.986374443121964,3.0268017429761813,1.5423791781376577,0.29132094148153503,0,setosa
5.0478161719675185,2.9913986641930155,1.5534720226358634,0.2152019430880784,0,setosa
4.925197058860667,2.968827902555746,1.6299503023601813,0.20301796000376146,0,setosa
4.980361410766252,3.4380295831654752,1.5584546395642103,0.41138802463315094,0,setosa
4.980084579946561,3.366105181727344,1.6185358303980173,0.36028482263477707,0,setosa
5.076080257949797,3.37661132618128,1.6795927993189974,0.3562411684270728,0,setosa
5.024238056733165,3.352016972334323,1.5463553076847683,0.4063882137229469,0,setosa
5.027102353208457,3.349029481864367,1.6473658826882822,0.36809603940094243,0,setosa
5.005248907602598,3.4151911543900493,1.623787267258462,0.32808751201944275,0,setosa
5.0647425047113295,3.422471724066441,1.5829762607653228,0.35903384388840015,0,setosa
4.932237138828676,3.3455430713563743,1.6217975391628228,0.38635706858946745,0,setosa
4.954739362009262,3.378922601379167,1.6625645016194643,0.38677300398418607,0,setosa
4.97662207018084,3.454024242727456,1.6184756676929535,0.4017712331634392,0,setosa
4.975688724262446,3.3379035687341783,1.5531782991404444,0.38078153590239905,0,setosa
4.991214971983918,3.4142496913610976,1.6220705890937928,0.40891686237987573,0,setosa
5.008816340205732,3.35969901233567,1.5138098022729,0.3791649669937679,0,setosa
4.961834031073843,3.373894921898346,1.5890178409938926,0.35025571699075975,0,setosa
4.955579583130941,3.395987317422078,1.6046308209059885,0.3737600688833992,0,setosa
5.019931402750592,3.391221811505888,1.5592034764981122,0.4016292267170089,0,setosa
5.075296543399429,3.373002951987187,1.6466455899338,0.45511103570298467,0,setosa
5.059926464044404,3.3670948794239477,1.6806149572548505,0.40465397833091504,0,setosa
4.989848443731634,3.390786083399891,1.6240629415905439,0.4020451013058792,0,setosa
4.99292413277152,3.4513435566378425,1.571089493155817,0.35827424283380643,0,setosa
5.031724203972741,3.428143895231776,1.6437591014214827,0.3571120096123547,0,setosa
5.043255658362892,3.4192808529897794,1.6705030174215574,0.3500684935779346,0,setosa
5.0087296139407975,3.388897303220958,1.5364093631149274,0.3714044824485345,0,setosa
5.0450825660440435,3.381241572884926,1.5710960982138478,0.4347304156754941,0,setosa
5.039555066946651,3.439471358117858,1.568412265011676,0.3976796498830326,0,setosa
5.0412263655898775,3.373758634846047,1.570026753160421,0.43312927907917526,0,setosa
5.262493947765792,3.4539170102447203,1.3960972633899515,0.14198734210969313,0,setosa
5.159501902061654,3.494492932061034,1.5246339683008774,0.19413995250761354,0,setosa
5.171986419352498,3.50613478743977,1.461525129872417,0.19812318632944978,0,setosa
5.174337261522678,3.6072137274787983,1.5326714776036585,0.16659942300656133,0,setosa
5.160122631624243,3.4824728714756334,1.434204995240037,0.17078022154486666,0,setosa
5.1704709153166535,3.535357027572218,1.4829359873525134,0.16837816875633765,0,setosa
5.146381366465392,3.452934458032811,1.4973457580001348,0.19139483587434108,0,setosa
5.2453700651072666,3.4748347755751814,1.5423673714616393,0.21028505248733637,0,setosa
5.199814572511252,3.4196678295323872,1.4483976726003147,0.2296571542203695,0,setosa
5.2559127944938,3.508257952206939,1.530501092595527,0.18369111432317664,0,setosa
5.185145962902359,3.4734814950495077,1.538987950791033,0.21371189540294108,0,setosa
5.190633227342698,3.486864349411101,1.5222602234571405,0.21292462177769922,0,setosa
5.166718321387637,3.5686394350979325,1.5102811568127443,0.2004191641709557,0,setosa
5.259091426958503,3.5409606799046855,1.4964813256568146,0.22143940724780936,0,setosa
5.157200866940363,3.474366283067931,1.4095867421219805,0.24881468095262557,0,setosa
5.124063541726588,3.527251009357872,1.4667729243889465,0.16084114128729685,0,setosa
5.19219876498451,3.510656487190062,1.5244842591680121,0.2708652673997764,0,setosa
5.214344562310866,3.5352478145225095,1.4760604396061556,0.22854885250224288,0,setosa
5.206130750121206,3.4814726318425904,1.4961608273693106,0.1975177959070465,0,setosa
5.207644770101093,3.516055647157006,1.4796443851709284,0.17036906221840817,0,setosa
5.22989886339811,3.4321379595986965,1.4752717339669115,0.26210470384316253,0,setosa
5.091712092324659,3.472277919130176,1.5275087755734784,0.13398715182369086,0,setosa
5.303925684854294,3.3964638567973537,1.5574623780435226,0.2622936546326982,0,setosa
5.236654094636649,3.4911365771146623,1.514287128105298,0.16411000439214835,0,setosa
5.232372986365874,3.4552054035151536,1.4890450426576247,0.23984997118677276,0,setosa
5.155427883746692,3.4854292577455825,1.5065705930214033,0.1463284664052539,0,setosa
5.246574899883331,3.413630963624888,1.3393764010243787,0.19812123423744338,0,setosa
5.168986593140036,3.3736976813382578,1.4030697918721133,0.1716123631560451,0,setosa
5.238580464797378,3.3718136591102397,1.4392683939999014,0.19824962176295374,0,setosa
5.234230747546105,3.378346613680669,1.3797886421166647,0.15390138849412754,0,setosa
5.223119152921194,3.437511810141216,1.4847675425100768,0.2516211007253479,0,setosa
5.209991227174764,3.39156117915285,1.4155481402477161,0.19889049158063576,0,setosa
5.258539059974085,3.4377577589563595,1.3665295546826943,0.17249477863268264,0,setosa
5.254691276142904,3.41232320539074,1.3907296329723524,0.24745344648543907,0,setosa
5.184496235312568,3.38880897958055,1.3815531383507031,0.12153309973669278,0,setosa
5.234570279610173,3.3516366216789364,1.3772522912231373,0.1702451246906135,0,setosa
5.229079624078695,3.397256688683843,1.4006166620145655,0.13282160824405548,0,setosa
5.196502518070612,3.34094667600476,1.4122878798265677,0.21466891973990557,0,setosa
5.1993041006905925,3.481725747434256,1.4211091565690226,0.22383296700134817,0,setosa
5.205692454121974,3.392289676938469,1.4386367304262493,0.24405798166699022,0,setosa
5.147953585538633,3.4421795841912863,1.420552928041087,0.23842800290835736,0,setosa
5.218647151229871,3.350229211081205,1.3530833419666972,0.272983621165798,0,setosa
5.210096954745882,3.3433097802336453,1.4139252800043243,0.18551505586903663,0,setosa
5.126263441767934,3.3083924731315797,1.3358933322318873,0.21087170170514624,0,setosa
5.198077111275461,3.390033632374988,1.4113871261518383,0.2240452170725202,0,setosa
5.1158997024186,3.3879539527142004,1.3668834139858286,0.15067220088843353,0,setosa
5.17811194887764,3.395085116088229,1.3893457417376154,0.141813307462571,0,setosa
5.180674019414296,3.480633315676959,1.3578178062381427,0.1325162808600836,0,setosa
5.211009662776483,3.4238651264325948,1.4185617640838077,0.15521129856613974,0,setosa
5.239923797009683,3.368586712459766,1.3546049418303752,0.17566089907280175,0,setosa
5.1956519797311715,3.428563657122578,1.4249532730275338,0.19910002915766037,0,setosa
5.237316222227159,3.403259582935946,1.4358393561520186,0.14384524820763228,0,setosa
4.637033040291315,3.2310288178646616,1.5443967021549598,0.18793923198098453,0,setosa
4.696075889919383,3.1804819663738217,1.5818604210460487,0.2557050618071257,0,setosa
4.598815939660012,3.2353549453889134,1.6918068937117428,0.20094338242264265,0,setosa
4.699241008180824,3.229054831824921,1.673154181622721,0.1524780420352399,0,setosa
4.703507573342209,3.1925513390050333,1.622375251073592,0.20636746785718052,0,setosa
4.726386124630036,3.1831346927231383,1.601960086222741,0.17318630478371266,0,setosa
4.673428379852958,3.1943384063730837,1.5943196037968248,0.15310065031055886,0,setosa
4.762802335172351,3.1945966363912173,1.5446519694834582,0.24406138370483568,0,setosa
4.670068687183554,3.2203312533897868,1.5993193209356018,0.2100246490819583,0,setosa
4.706840843447259,3.1769932889118953,1.6016378514868856,0.28132368214874115,0,setosa
4.61049576620667,3.2026382842673082,1.6173992589044996,0.15790913932795086,0,setosa
4.645186078193602,3.286356636493532,1.5851398506322876,0.28315980646410965,0,setosa
4.7214305324118495,3.2030456424144846,1.619038820481938,0.22540021781824268,0,setosa
4.7471862089350845,3.217432633819879,1.6057844250980076,0.20705150067735117,0,setosa
4.754076532883159,3.232678729686084,1.559919137867096,0.17457484810962817,0,setosa
4.713229952963095,3.175083146988013,1.5849405192240815,0.16176321673123986,0,setosa
4.6895342856191276,3.2169451056062033,1.6398064646555042,0.20036923793174877,0,setosa
4.782994001184436,3.1969434645044483,1.7277369262530833,0.24006608356401524,0,setosa
4.719868897272899,3.1800386542376953,1.4870202391904828,0.1937947354940532,0,setosa
4.707128731774506,3.2768981281982015,1.5448100179589983,0.27623545453279336,0,setosa
4.689950223776504,3.2289622751402183,1.4984061433788214,0.20556121526037663,0,setosa
4.686250717842757,3.2272971764061915,1.603649011510271,0.15431041514351387,0,setosa
4.737879505491561,3.2277851495720635,1.6238707278451732,0.24035661448509688,0,setosa
4.74403869765004,3.199127533243764,1.5456937010892582,0.1446015091140443,0,setosa
4.75399004935942,3.2284178975664437,1.6040811739017198,0.18261406979201697,0,setosa
4.701262283917611,3.2009917684024187,1.5865296517496876,0.17203900292582966,0,setosa
4.886572674099528,3.1091423975340904,1.5757678156910957,0.14791753456441042,0,setosa
4.7709722532122685,3.1287890592313587,1.6303353487407335,0.19126585819446612,0,setosa
4.802068427755902,3.0877979011941297,1.5556865480145612,0.2520674495794708,0,setosa
4.8149054124119095,3.1990542101211923,1.5697531885063505,0.19449866526547466,0,setosa
4.8353188087381636,3.0901962108973327,1.544492198884155,0.1620452151240468,0,setosa
4.8040300026256295,3.1137346931562884,1.5962157869365,0.24013940491447666,0,setosa
4.8397106216821175,3.112911165755189,1.6010756762140732,0.1898843069756146,0,setosa
4.822041005257028,3.136785036552445,1.6024241925926,0.2179999293369358,0,setosa
4.7870274727085524,3.043538016828537,1.5599618260514747,0.2306306402159919,0,setosa
4.817880120609628,3.163608546881523,1.602243937158962,0.2345909495151111,0,setosa
4.852920677222281,3.1397780065905945,1.5756581221318777,0.19261736688961836,0,setosa
4.805190909588094,3.060565252388122,1.6189715406041731,0.24095953998568775,0,setosa
4.780765803751802,3.1789021686641035,1.5883710420397839,0.19188168097056116,0,setosa
4.790468846192072,3.071668957883466,1.6167143263796284,0.20080103522382506,0,setosa
4.866454874267572,3.124292397182859,1.6215075795878902,0.1911384861572217,0,setosa
4.743430691420224,3.096419864053282,1.565988322344113,0.2380737307166076,0,setosa
4.798782284511544,3.16662971412268,1.6294124124343259,0.2334214382259241,0,setosa
4.809226285897768,3.108346893376506,1.6261309146878125,0.23690675267655284,0,setosa
4.771577189508245,3.119691227092346,1.7048434889298427,0.19641239892418183,0,setosa
4.789778263375835,3.072301202663896,1.542057431022272,0.24755545708564577,0,setosa
4.802438616732105,3.1119851040256634,1.6737933707953754,0.30036756974067297,0,setosa
4.764458163231991,3.1421823404376887,1.62495381741752,0.21598369461259903,0,setosa
4.819199149069912,3.0991384859873468,1.6636513254858851,0.22466593510877778,0,setosa
4.8138811912112,3.1499769682478105,1.6359631612518042,0.21851173038627175,0,setosa
4.81318220322747,3.1703381554229733,1.6204921033723174,0.1965190707062574,0,setosa
4.7658260578722755,3.086351839856641,1.5581239667623592,0.20441831236198724,0,setosa
5.410393472090818,3.318083430322204,1.5008446528009927,0.4260763794872121,0,setosa
5.406771511152106,3.361922092487576,1.550857012359441,0.37225049984610875,0,setosa
5.35097007000761,3.3568730627093077,1.4995204555304769,0.43941539546363106,0,setosa
5.446719104698759,3.408482598539364,1.4523438714098618,0.3738126617855053,0,setosa
5.3641691257992505,3.39293875308342,1.4291050658385833,0.4045100031548927,0,setosa
5.425861775971476,3.3940933324922953,1.5184557050554428,0.362502113285838,0,setosa
5.341853623577382,3.374559348777309,1.546322346103565,0.4412361857475593,0,setosa
5.381761526379217,3.448185083102635,1.4870365883885523,0.4605068354736245,0,setosa
5.419334347686308,3.381949718558346,1.5318376900995658,0.36903669251016485,0,setosa
5.362590002983213,3.341977779258823,1.5103433883656598,0.3978736381690528,0,setosa
5.396915469570105,3.383605914761225,1.5575153871632887,0.3830557617829358,0,setosa
5.371063502368504,3.449844492509419,1.5568513506787802,0.4135543513272013,0,setosa
5.330398887994448,3.3760115603900447,1.5245161259687623,0.4007089403681907,0,setosa
5.462163023124889,3.345323418828356,1.5271352390131105,0.3749186696129646,0,setosa
5.452921656730842,3.39699532149021,1.5412258319890901,0.37409883655665427,0,setosa
5.343620047538442,3.3555846765614126,1.475732038315771,0.35900745439855636,0,setosa
5.448018453398087,3.4535564182480716,1.5109218591702438,0.35863219659343093,0,setosa
5.395265169873469,3.372560983559687,1.55816297847297,0.41263774058832775,0,setosa
5.419577461605588,3.384012675251074,1.4195471357832676,0.36915462600933846,0,setosa
5.355334712848233,3.414810192138723,1.503861611031282,0.36793490807569723,0,setosa
5.384455644099588,3.4626590700875597,1.4616262776255273,0.36328183185483504,0,setosa
5.390866308564516,3.3720345228348423,1.4828501057433658,0.421257948158566,0,setosa
5.469288965795962,3.3288202437085577,1.4992702259629551,0.4016575409186157,0,setosa
5.396642715697101,3.3925155617930387,1.486385181763795,0.4401677126567956,0,setosa
5.381394494879107,3.394907362707037,1.4999954533627549,0.40429982322887503,0,setosa
5.393165448929883,3.4399698366439755,1.4996528481189273,0.4069624354107748,0,setosa
5.197941873862307,4.059879023142522,1.4668013105570332,0.1,0,setosa
5.207705943197267,4.071460264206685,1.457544484388325,0.10952423592158014,0,setosa
5.221001268841095,4.029567632733305,1.5675869130054056,0.1012912453676673,0,setosa
5.195793306067277,4.142671007664982,1.5027924954852656,0.1,0,setosa
5.287782974497035,4.057024168250809,1.4960951650377117,0.13388779021139985,0,setosa
5.157214180758276,4.095918881028446,1.5154625963867638,0.19606589329233087,0,setosa
5.16428811277751,4.098093534866721,1.5263482852254562,0.10324181417639815,0,setosa
5.1518861085333105,4.116325158748625,1.5043019978180685,0.11782524826183946,0,setosa
5.245258644870789,4.140527854906574,1.5163104950472532,0.11242344726297089,0,setosa
5.156061131384306,4.094627407033024,1.5088128638942748,0.1,0,setosa
5.203904348937777,4.066987203253802,1.5613730559915293,0.18608316828190347,0,setosa
5.184418153513787,4.116014340475957,1.4906336287060777,0.15051444203762301,0,setosa
5.217399875650086,4.1030933403162635,1.4910534798716395,0.10504509390193739,0,setosa
5.159985178191802,4.127021299659786,1.4714402037353183,0.12139527516767838,0,setosa
5.205185405532734,4.14379772504991,1.4993202868924005,0.14092283944664913,0,setosa
5.163105890728878,4.124377788667141,1.4910361390664642,0.10776871610860486,0,setosa
5.2028699812210215,4.137451644870991,1.419215499935805,0.11292326967117194,0,setosa
5.140220054367505,4.148272673382204,1.4210902722175636,0.1,0,setosa
5.1330448334117325,4.1655694439635145,1.448440059088443,0.10455658016295845,0,setosa
5.178568293838572,4.028009503826477,1.486508480199296,0.1265094100343805,0,setosa
5.192629267231568,4.137643199736985,1.485523009329885,0.10027433842990231,0,setosa
5.184608049839215,4.113742732337334,1.5759564719980763,0.11448962358870694,0,setosa
5.207777650563207,4.07526341358259,1.4697807847774136,0.1585627720638589,0,setosa
5.155510461914833,4.063474326109896,1.4961019536661992,0.1,0,setosa
5.27824756209939,4.005350722930429,1.5144544850451076,0.1285084181241199,0,setosa
5.155180256707535,4.074216914917075,1.5173043986001091,0.16518052400211922,0,setosa
5.46317946508862,4.136831109592413,1.43889878319604,0.2609497303466868,0,setosa
5.486598736345782,4.111448528996471,1.4580745787654636,0.19205878443916197,0,setosa
5.544955931087043,4.198260725311135,1.384974138150771,0.18192349251641002,0,setosa
5.558937800717267,4.257378051119942,1.3144860152488431,0.16254980075406816,0,setosa
5.57108315312152,4.18530826184116,1.3455810638544965,0.20017862949277324,0,setosa
5.495665328111532,4.196106198588254,1.3808174846745505,0.1875969202104287,0,setosa
5.481763689777959,4.213356265859147,1.367490405302167,0.18841422804997407,0,setosa
5.494237044177603,4.252229636254165,1.4149364453636064,0.1956119887942123,0,setosa
5.521447518826184,4.216244731475042,1.4435133942636156,0.22026052849732042,0,setosa
5.57175642782205,4.2537846818533245,1.3983599436337453,0.1834196143251159,0,setosa
5.535302230136996,4.220665161295571,1.3962172413625515,0.14092193873802938,0,setosa
5.426705046306384,4.213930342027806,1.4308336906184809,0.2321374192836838,0,setosa
5.448513129461445,4.241493753697727,1.3786337073772688,0.21553686087095236,0,setosa
5.516667654986733,4.167900542577211,1.37634699804066,0.11707789027105941,0,setosa
5.46333037817016,4.127898317633851,1.4174942852587156,0.20245667664246544,0,setosa
5.536562082762906,4.214261689247573,1.374609691255369,0.21384804262993412,0,setosa
5.484382995450004,4.224362467625391,1.4126149186315762,0.16045707086289587,0,setosa
5.500087963186527,4.202213361870035,1.3876915619097439,0.2357962630399127,0,setosa
5.568522036028136,4.185290651478013,1.3859720606773225,0.11007747288483595,0,setosa
5.494843223726646,4.182552691993017,1.3135528340980704,0.21153974676844725,0,setosa
5.523640528191399,4.170635730512436,1.3850955068295976,0.1613406474891133,0,setosa
5.53050168500579,4.139302240341703,1.3874695483824715,0.278042886711491,0,setosa
5.502063517360474,4.218717274064433,1.3941338349223198,0.15302296533065624,0,setosa
5.498693148511215,4.216258947048394,1.359094334408022,0.21366455664532988,0,setosa
5.549796401160169,4.2427875760415965,1.3366901888012346,0.1609888164378112,0,setosa
5.435452827111354,4.242846208249516,1.4244131740310408,0.22812562242683043,0,setosa
4.864865987776925,3.053333361615983,1.5030763092786914,0.20403934619596134,0,setosa
4.865829863560125,3.1056870354146304,1.5257827220287075,0.20912063114360163,0,setosa
4.858424818532694,3.0154935135394676,1.4896448021177386,0.20657419643957955,0,setosa
4.889596647991572,3.0828659945377996,1.4723421921444846,0.22862552046595777,0,setosa
4.89790501287158,3.1049288230150403,1.4611390552085082,0.17518313306607886,0,setosa
4.9065519157859185,3.0597832865538077,1.4496280409808726,0.18683395993218618,0,setosa
4.948038830901322,3.107638071130437,1.5583839803291095,0.19473909384804344,0,setosa
4.887597385565673,3.0443105046124543,1.4769510181455119,0.2574073494866129,0,setosa
4.913102010900062,3.1293248440895858,1.528203913286106,0.19961818240123066,0,setosa
4.891807760537458,3.104767342927277,1.5268520836226718,0.21831464854031404,0,setosa
4.919678888470678,3.106165767016806,1.46920264325237,0.1895361831684665,0,setosa
4.86234187695231,3.1401863146224707,1.4159182432971402,0.19128544338396125,0,setosa
4.995488461409527,3.0863386179904917,1.4546086151277564,0.19928180361154135,0,setosa
4.951575054565821,3.0935819832896247,1.5245339520279273,0.20399811955786254,0,setosa
4.885085077523965,3.22601151446285,1.5028460255055451,0.17851369042837123,0,setosa
4.880400666809019,3.1152229799375206,1.5163686960234894,0.23088046452327168,0,setosa
4.905645761320716,3.0427352732018744,1.5212768783185528,0.18764146644284987,0,setosa
4.888555993453328,3.04068358207445,1.47705901037015,0.17092647142817452,0,setosa
4.898541446277857,3.0418632381528563,1.502026251704695,0.20497343963130568,0,setosa
4.855209285931879,3.075013745348075,1.4656978574583501,0.23630457969591262,0,setosa
4.798869444046392,3.0862670050989003,1.4335789299103192,0.18273313607901598,0,setosa
4.933869633456146,3.0747755488240505,1.5055355443529548,0.1662090075899949,0,setosa
4.977579304289802,3.1365278531634293,1.545087655459404,0.1468727425863704,0,setosa
4.855956845169646,3.143190301903605,1.4922252727682028,0.18968311794953047,0,setosa
4.91335133249211,3.049792919282062,1.5309146742511386,0.20073295850729614,0,setosa
4.919169605822279,3.07317543928467,1.5205291944751704,0.1718047348220393,0,setosa
5.038175223876183,3.245185847484175,1.2364754247305922,0.220658546635196,0,setosa
5.0253526501840575,3.091762904196541,1.2333953682306442,0.1890384055826325,0,setosa
5.003797799724633,3.18865175430723,1.1443545194559444,0.17845466532022985,0,setosa
5.026341392872888,3.256694783665963,1.1750831096197962,0.16384114061185837,0,setosa
5.058070491460324,3.1646972282238,1.2829454384424732,0.20202594571153415,0,setosa
4.964663638604131,3.2393735042832636,1.2677339546513862,0.142610096185046,0,setosa
5.062358483543407,3.188743792371862,1.259453182517235,0.1847814227008608,0,setosa
4.93691227366124,3.2200786844682097,1.2370631239351246,0.28383851433781626,0,setosa
5.068943909201164,3.2278096823783438,1.1904917080550252,0.17917393477291133,0,setosa
4.988205082178323,3.166762710927895,1.18901791877579,0.1,0,setosa
5.007154722638384,3.198842596024495,1.3026349755543853,0.2303496396334172,0,setosa
4.980791190577379,3.2225893756376536,1.1509693553086244,0.17589232370953523,0,setosa
4.925296211473387,3.257450380914752,1.223733598808347,0.15297662891463498,0,setosa
4.997580496773684,3.2379907279215114,1.2198043432619008,0.2152910814744255,0,setosa
4.965686312623694,3.174510195852715,1.2038060939540023,0.23681022050789166,0,setosa
4.966845324509277,3.155143998651718,1.2457611968162907,0.16278750670235345,0,setosa
5.0430864681207925,3.209722194478777,1.2352418929472266,0.26977520773896657,0,setosa
5.027546541661578,3.2310412757587037,1.1632865950025337,0.17219257275038938,0,setosa
5.025757860932322,3.26137043301448,1.2556840829018983,0.29266661774576674,0,setosa
5.0124356309054825,3.208111350318295,1.2402480741798072,0.20075654825083536,0,setosa
4.99750126548715,3.1581054039214935,1.2396488057232573,0.1571200891441232,0,setosa
5.020490403672343,3.143233030281751,1.2438534645226986,0.15884768706929447,0,setosa
5.033739287156137,3.136426581248633,1.1824073583158472,0.24713381613215835,0,setosa
4.96778617521546,3.202687640436616,1.180862760151171,0.10762278813228385,0,setosa
5.012322363154716,3.2172903399823936,1.155689110296631,0.22294745186758275,0,setosa
4.968172195838986,3.159864125147729,1.2002741420032912,0.1727434022368498,0,setosa
5.591697344196552,3.437803134735904,1.3295376004892412,0.23955629228514516,0,setosa
5.420829154995026,3.4307006347595936,1.3224956357271007,0.1807395292924424,0,setosa
5.515342514101153,3.545577882760436,1.2851140717865637,0.1574413723648126,0,setosa
5.390822358748156,3.5081839880358263,1.2628553744232451,0.21253541163501322,0,setosa
5.509264894959161,3.44462128814617,1.3689550353895605,0.2433303318186017,0,setosa
5.533930855222161,3.4526210833612563,1.28370278865737,0.17812281907234928,0,setosa
5.483409580591111,3.4550356905419255,1.3173858803131642,0.2091693410720381,0,setosa
5.514614887380928,3.4797620088628927,1.351640730408551,0.20750965861961143,0,setosa
5.390487196098424,3.474395447413278,1.2977199225594707,0.2386130352408622,0,setosa
5.487971242501283,3.4899965772156976,1.2734873495273442,0.22662213325187508,0,setosa
5.482096511853659,3.475861990353747,1.2703137630699195,0.22226325898152413,0,setosa
5.478681013616365,3.4329641022575217,1.3249062702871648,0.17194655301690634,0,setosa
5.514280109151415,3.514951406171673,1.3481442790153961,0.24178121676868736,0,setosa
5.476998815965615,3.4933446165962327,1.2483837570285252,0.2670933062855136,0,setosa
5.517665088591688,3.555776748890525,1.28724015267334,0.11803422292148953,0,setosa
5.561268506295896,3.5037247043508333,1.3053274041421192,0.20221852659987866,0,setosa
5.5257869649391465,3.5213253313750275,1.2363785379533634,0.2434757382052942,0,setosa
5.478841850332342,3.481318078151853,1.3690971497234867,0.23682234431522886,0,setosa
5.486472577882284,3.425744314370382,1.3064654908238507,0.2215462328742157,0,setosa
5.496778579646152,3.4501584376217265,1.2683724813859014,0.14979115576003976,0,setosa
5.508615861311724,3.5327766781283727,1.3410159591234312,0.17071088441136806,0,setosa
5.509401011328182,3.5221627917519043,1.2795540344659044,0.19405970460199004,0,setosa
5.5849546552695,3.508204920539204,1.3353183569603613,0.18260662857014198,0,setosa
5.501670297656251,3.4314268436400965,1.298997207296617,0.2476911186409738,0,setosa
5.583955943137958,3.547865641109873,1.3274742379533906,0.20211857338209271,0,setosa
5.476001234905542,3.49358913907366,1.3245134411471686,0.16859428270738913,0,setosa
4.937325000539055,3.5606353590103605,1.3288302437154635,0.1,0,setosa
4.833384774690243,3.5451065695805184,1.4452853363856415,0.1,0,setosa
4.908743210718872,3.646324542416921,1.4503640672763551,0.1,0,setosa
4.95314258569541,3.6153839103500243,1.400133063102859,0.1176839568177809,0,setosa
4.842974935229364,3.568555953809758,1.3956743021718714,0.124388305250666,0,setosa
4.88511875801321,3.5949072496779104,1.4387773837589277,0.15646806494330925,0,setosa
4.930685321894389,3.6507368828182303,1.38382560643804,0.1,0,setosa
4.912734145626839,3.587957109252821,1.3797148150918763,0.16608577334708075,0,setosa
4.891952763011206,3.5613594348518873,1.4194959020806233,0.17343179440171297,0,setosa
4.903232365759965,3.649254918118533,1.3824860928109888,0.1,0,setosa
4.872407157875831,3.594263581716991,1.4734538801606563,0.1,0,setosa
4.965489553207039,3.559662096661694,1.3906475426596958,0.13343165761809972,0,setosa
4.925210631325259,3.6112812064144686,1.334025358292032,0.11448936500570277,0,setosa
4.859105411910773,3.70275636506585,1.3914628586198905,0.10754879466004547,0,setosa
4.854131944380184,3.5808447954008815,1.3483583135541404,0.1392613093716964,0,setosa
4.8895211027308925,3.6225064323704967,1.3726165107262411,0.1,0,setosa
4.951527225878558,3.5611322688907476,1.3279422392232167,0.1162496063983512,0,setosa
4.854346671626551,3.582421344207888,1.4364633352774454,0.1,0,setosa
4.935138002967299,3.572750982368613,1.4596271524480826,0.1530041199668489,0,setosa
4.881144183574636,3.5914708736620256,1.3667225787604687,0.10800007930704528,0,setosa
4.94596681970346,3.5421297272525667,1.436697937792392,0.1,0,setosa
4.865611175749511,3.5284918495642517,1.4841978222835945,0.10234806817980127,0,setosa
4.909790106601828,3.5729553776662235,1.4426786666797515,0.1,0,setosa
4.901066617225736,3.6882689898320242,1.38471783948895,0.10068590176263917,0,setosa
4.926889319733046,3.5675419730231597,1.400913806508179,0.1384398076634942,0,setosa
4.907775661295079,3.6148394823776626,1.3860226235930517,0.1126240423581867,0,setosa
4.402230626362649,3.058202595774389,1.3289757803696807,0.1902527272051912,0,setosa
4.302127501238912,3.0286288862114246,1.3302106272155751,0.16332368087656418,0,setosa
4.320065263124912,2.954327717759477,1.33704755042578,0.15740874031431099,0,setosa
4.381618994089998,3.008815762372687,1.3489747192694357,0.19927371248310907,0,setosa
4.395984506931449,2.9780460234966655,1.365226111538934,0.24263801483087252,0,setosa
4.396195063813422,2.9441368365078575,1.2683884194537944,0.2231792655661787,0,setosa
4.371140893159183,3.0356909181132226,1.3144583413810325,0.21170605568589007,0,setosa
4.426137791047849,3.019943513911516,1.2657928983981082,0.18696679879528455,0,setosa
4.493592643458145,2.951685737128829,1.2810182016173235,0.24262791569332076,0,setosa
4.393629578697877,2.967515117662067,1.247073048613543,0.22144111696653304,0,setosa
4.440795698655375,3.055995742590691,1.3021515404065316,0.24179951295488938,0,setosa
4.358682358669679,3.006720854792111,1.2729045206869638,0.20695355338412497,0,setosa
4.430028547204787,3.0427890468012144,1.2604037513692443,0.25069948796349883,0,setosa
4.381024550667667,2.958970688490707,1.293175831092025,0.14149789083988912,0,setosa
4.4001831278689565,3.011588165571376,1.291985196652809,0.22144658762244113,0,setosa
4.387412757786104,3.0001620411426426,1.2423734332698793,0.20170688669533182,0,setosa
4.3659585437149095,2.982008855888685,1.2962528375389217,0.20763910530209576,0,setosa
4.334133374832487,2.937462951684232,1.2879209979100723,0.2189754375446421,0,setosa
4.414409656703051,3.0357112174093093,1.3520430585927046,0.21985733311378797,0,setosa
4.39920550920363,2.9587416879276867,1.2621572888169008,0.18131318113700542,0,setosa
4.410699464265576,3.0088294213276185,1.3001697502375251,0.1938910936818159,0,setosa
4.425219850172163,3.0083332972442833,1.3119138720743242,0.21233748476257444,0,setosa
4.378148281749242,2.958766499163353,1.3196451117229728,0.2166690947636895,0,setosa
4.391198957562749,2.983370362686062,1.3911369620110066,0.16963163824603103,0,setosa
4.3912982359794155,3.0106203751240965,1.2538307769458568,0.20468943866692382,0,setosa
4.471909964834314,3.0373547279381414,1.3252880134247977,0.22369711715781543,0,setosa
5.104478568661866,3.4383357183825236,1.4937655293384566,0.1830877381321027,0,setosa
5.104081706969859,3.4362278641627833,1.5132170236300726,0.22698155788245822,0,setosa
5.019035231363241,3.4477222958229996,1.5936240689718502,0.25339616202245424,0,setosa
5.087295202580593,3.3660622687058313,1.5110985693015995,0.16052096550045558,0,setosa
5.129026861672624,3.3789835816649076,1.538426547155585,0.2544854445962918,0,setosa
5.018709923424793,3.4117111204338917,1.4720687516772817,0.1436088023912483,0,setosa
5.0753062833789615,3.391242644812034,1.541347489648278,0.13914370934727144,0,setosa
5.1420325034863,3.480722516475308,1.5238976426366786,0.22183764998889496,0,setosa
5.099463095317868,3.3529983905661878,1.5213930930906998,0.2153610993677387,0,setosa
5.129263716388154,3.5027536139541504,1.5291112376011222,0.2170284671824869,0,setosa
5.16247725285479,3.3461913576291997,1.454291895682671,0.18499174026617007,0,setosa
5.073802829265076,3.427757334456463,1.4873023513236079,0.2695973536397432,0,setosa
5.16081789680048,3.4308028418783536,1.484560328673768,0.22467802243338225,0,setosa
5.132442373749843,3.3573371341805456,1.5139511892778768,0.2282445514448322,0,setosa
5.108658548249948,3.4628444052982084,1.548566520045138,0.1669767049651432,0,setosa
5.104979293550699,3.3665789596582147,1.5231822378942372,0.16531407182835325,0,setosa
5.136932450860245,3.415525804598309,1.5388333834351118,0.1941966153249086,0,setosa
5.041748272153102,3.4706334072715874,1.493097259658804,0.2550676024726765,0,setosa
5.1172072934823944,3.4269564926142166,1.5731899645725846,0.21360941207300793,0,setosa
5.156009252294304,3.3406269777977395,1.5348440059839945,0.19032451687250196,0,setosa
5.094637305555161,3.400348654517593,1.5138610846697358,0.2662864191121616,0,setosa
5.025851475428895,3.401761607131672,1.47134051681171,0.2466325601877265,0,setosa
5.083076329813995,3.418270801946248,1.4840998490266715,0.22672234605249425,0,setosa
5.140592133084416,3.3841040007264223,1.5019630207296306,0.1431855923868186,0,setosa
5.112215991478469,3.4342507173862367,1.477783798908498,0.24481450855664466,0,setosa
5.017067586031881,3.325946582165279,1.4444703043695464,0.18060820871958513,0,setosa
5.00074474190171,3.4968454180278665,1.2973163220855253,0.32894304084368253,0,setosa
4.981115206261057,3.4494569779232265,1.2502485164396437,0.38450660084154015,0,setosa
4.905915349375708,3.4929468563649095,1.3583162771308561,0.31933462493011644,0,setosa
4.966817751777805,3.5000874391183165,1.3345567517835322,0.348325951349721,0,setosa
4.964026351260859,3.530418326802127,1.3101000231141298,0.34417619255511356,0,setosa
5.055616615701202,3.4862677815333187,1.242016291836654,0.3158334607446525,0,setosa
5.071064857492492,3.5274232843532127,1.3092065132174378,0.39604182137653754,0,setosa
4.958398964724866,3.5361196075180024,1.2771824935656864,0.301985373320307,0,setosa
5.003585744293679,3.5605854654484,1.262559447782877,0.27859649163512634,0,setosa
4.936281919101292,3.51948796654866,1.2816707276053039,0.3168786817065151,0,setosa
4.957069368587227,3.485624655194329,1.3415571621993208,0.29302723143611703,0,setosa
5.025025565060686,3.5211330623058266,1.285873092601846,0.23761016267180632,0,setosa
5.039416001749366,3.50682829489261,1.3393312035921967,0.21949246258686847,0,setosa
4.933815627436933,3.4142909006862094,1.2649264935580256,0.3416779960801447,0,setosa
5.022639679439717,3.498633841678568,1.30524961181066,0.33043152850525714,0,setosa
4.987913984950351,3.5158427580119223,1.3055981829053034,0.21251829433856384,0,setosa
4.984606847142801,3.554350251352886,1.2841655756371775,0.29427642534606596,0,setosa
4.975725353864269,3.4806147137809917,1.3449604875913819,0.2892765607644903,0,setosa
4.95912203662332,3.3755454665271856,1.2770918619515113,0.22132732769150365,0,setosa
4.92705002025863,3.5318071230650623,1.3283470226296272,0.22331149344287082,0,setosa
5.034059178853667,3.518374339010188,1.268657250516022,0.3293752367038054,0,setosa
4.934934293416741,3.451822809885776,1.2424124544563384,0.2555398510635353,0,setosa
5.03514755222033,3.446654834757296,1.2539480745781826,0.26193207018791864,0,setosa
5.007818549137201,3.486412229195524,1.3344935786233714,0.2715455806029756,0,setosa
4.948422892033734,3.4798342728892813,1.3013942160563823,0.26263567812106137,0,setosa
5.010959650334106,3.5724539599551592,1.276470976543983,0.30145161314190666,0,setosa
4.553732149646924,2.273687841691488,1.2656776590087577,0.25577712875126074,0,setosa
4.5154113666910405,2.3200324041847953,1.293472691990285,0.30106337842056907,0,setosa
4.550283922917876,2.33398595069745,1.2431907298518339,0.29882013552275694,0,setosa
4.503366804613136,2.327918126026312,1.2901416190153698,0.2732239757906305,0,setosa
4.480679234627562,2.227846075841927,1.2979138391650413,0.2750389305009689,0,setosa
4.517533354838573,2.2577899434000592,1.2813674912536401,0.2596304354765213,0,setosa
4.4560991569534965,2.326692536406256,1.2800715510708534,0.3164062076701093,0,setosa
4.4538390452063386,2.3024604972745486,1.2309867386492654,0.2793865450640408,0,setosa
4.478380101895825,2.3217578956453075,1.3056228318272567,0.29139913515193266,0,setosa
4.53187242456586,2.305999345650551,1.3198366928292058,0.3289612631985558,0,setosa
4.495644207981297,2.2865479847587187,1.3113437301380495,0.2815914290658991,0,setosa
4.513735314835386,2.3425099002524203,1.3323647206694595,0.2829684107796142,0,setosa
4.446862023767256,2.2959621582077268,1.2931643994316016,0.34235095811717287,0,setosa
4.482878416099409,2.289810598626963,1.3275199291419835,0.2790794956598084,0,setosa
4.491778188479288,2.3665765261269502,1.3576186413382088,0.3232669431399505,0,setosa
4.508843613241459,2.259431027992479,1.3204115643813061,0.3004320426361888,0,setosa
4.506925085931466,2.2774136464555315,1.2976328758967974,0.2907556291120604,0,setosa
4.510706661839848,2.3551169878850593,1.3125437263308586,0.2319148366576369,0,setosa
4.459370177294989,2.234873639829626,1.266428852860262,0.3204128604896244,0,setosa
4.514100326713854,2.2741792934796394,1.3087295326423694,0.2678724723953,0,setosa
4.4413800181249075,2.2419513556286743,1.2637901948819839,0.3547846363403062,0,setosa
4.444547099390262,2.347695354490211,1.3510618172017685,0.2907811193232301,0,setosa
4.496081991966908,2.273559225685717,1.2970364369269924,0.3242897828511942,0,setosa
4.4983649683984925,2.3377945614886655,1.3453493337805305,0.31168663388339873,0,setosa
4.511028320066761,2.29550705109813,1.311780233888958,0.25346768578125695,0,setosa
4.514132528401977,2.3061353706065715,1.2635170469151273,0.3838392156455174,0,setosa
4.359132386231798,3.163240684706037,1.309034239330979,0.12058151091189158,0,setosa
4.366316026808657,3.1370432496333596,1.259318009961677,0.1925960133989533,0,setosa
4.410638024481043,3.24194776253735,1.330057330173748,0.2451632409095521,0,setosa
4.4213575338209905,3.1791612776197127,1.342384477938507,0.17835833969546425,0,setosa
4.373322017758107,3.2589055203021635,1.3293049660238179,0.20659032720625714,0,setosa
4.427865868248806,3.2329179743511096,1.2433892358111123,0.1940627320356963,0,setosa
4.350707886778851,3.2026859117361104,1.270997483044053,0.2520754101872375,0,setosa
4.418514731147817,3.1653605608322684,1.297053234879188,0.14938536724598267,0,setosa
4.399407453545725,3.2196450690082217,1.3082962634899244,0.12066238798294021,0,setosa
4.384370496584443,3.2180954854218164,1.309986199464805,0.2440820490811458,0,setosa
4.346375608843768,3.2186757073810752,1.2717240375095462,0.2055341730562717,0,setosa
4.413945701604233,3.225186006005479,1.2746625182305742,0.20511411813607033,0,setosa
4.351015581019984,3.141320732160045,1.3199140354155339,0.19553592627217312,0,setosa
4.332983944178881,3.1637152711767658,1.2984576445771323,0.25987266182966734,0,setosa
4.439466832536455,3.229600920470624,1.2263014663755971,0.19379206437243174,0,setosa
4.416754954325871,3.2134222556924246,1.3143070098646303,0.18834799224265114,0,setosa
4.467957246210107,3.2567003865286352,1.293918685931302,0.15849134649861693,0,setosa
4.479784445767515,3.1755691569774727,1.34551812497044,0.2740090739383408,0,setosa
4.359939482536875,3.209280387108452,1.2837621182088002,0.21825060786645617,0,setosa
4.410473295979209,3.275462287217896,1.3212607587779044,0.19731124300116817,0,setosa
4.442683982035213,3.186784303735393,1.2830502454241286,0.287180306223386,0,setosa
4.364824732686348,3.1781042577305265,1.2994154464967065,0.15538723751403405,0,setosa
4.31330311465328,3.2398738404940137,1.2662692324405895,0.17600848777041023,0,setosa
4.382759252754725,3.1583943596398925,1.2546921072812012,0.20408075009224075,0,setosa
4.493552998679234,3.2271030112295134,1.3275217218475208,0.13743259070797045,0,setosa
4.3966814855375205,3.1503153656469474,1.3285317113445219,0.18852397474225357,0,setosa
4.999172282426488,3.4941039421951796,1.5743028609704177,0.536789157120917,0,setosa
5.0208275994023435,3.4423239072369527,1.5504153486072667,0.5857367160078101,0,setosa
4.96939811526061,3.508109337947143,1.638059055352611,0.6075952321819422,0,setosa
5.005524670756663,3.4985731449506363,1.6319616926780054,0.5238070296506026,0,setosa
5.012325718655453,3.460327031050045,1.5483235374030269,0.5978332676651661,0,setosa
4.982148084235038,3.5209708125398085,1.6416700190914004,0.5046137044607168,0,setosa
4.994746499989009,3.5759739220646347,1.632343274308247,0.655495586459602,0,setosa
5.00171179298854,3.4402286395060373,1.552642380520349,0.6261091717439661,0,setosa
5.03599599374415,3.468380588630153,1.5869099009562169,0.6081036455953328,0,setosa
4.92763597025534,3.483642362019842,1.662370995132023,0.6850679137701945,0,setosa
4.993314681603142,3.5709072059640077,1.5766444153141723,0.5652355965143078,0,setosa
4.908117644591487,3.5359256380417623,1.5826861975537876,0.6912423765480712,0,setosa
5.010917037702747,3.505199401221989,1.525414992934162,0.6576719076234164,0,setosa
4.9831572894867096,3.4912323496130577,1.5094203879863886,0.6347352710525557,0,setosa
5.037237144071122,3.4734570837382726,1.6014160258687837,0.6134067896338925,0,setosa
5.0362291181144885,3.501897022777317,1.66663158764116,0.5880293107723568,0,setosa
4.973477272807077,3.479065487195033,1.4962323360642713,0.56546973591163,0,setosa
5.038030102471713,3.508353144553511,1.5650181913072887,0.6117676780603504,0,setosa
4.9170406168785705,3.4863998142215364,1.6187970568064165,0.6257242669180129,0,setosa
4.966824136772978,3.5343287245766306,1.6726058343976213,0.5807512548686092,0,setosa
5.027468389975362,3.435531415760573,1.519354687637286,0.6223518722940509,0,setosa
4.999578676992414,3.5058581523330306,1.5745485387506353,0.5861281321941645,0,setosa
5.030324288529634,3.5666280314249303,1.5892364500270695,0.531870744926332,0,setosa
5.048899427185486,3.5220300406731813,1.6252100423309255,0.6052172257482095,0,setosa
5.090888889395986,3.5009635813019,1.6185182791912938,0.5237893464339672,0,setosa
4.974774998972145,3.4704631122012484,1.5967534901850151,0.6118815397952388,0,setosa
5.0679582051363425,3.8672208974805424,1.8553171254543868,0.37992264833247913,0,setosa
5.107487993153934,3.747888356176717,1.9207880358608975,0.4232781966140116,0,setosa
5.086246938276954,3.874355376957211,1.9012238712788176,0.4092021054033358,0,setosa
5.059520453094982,3.730935796194855,1.8726940254435271,0.38508286718147006,0,setosa
5.079724154306345,3.8287205162374884,1.8024368179760346,0.3525662464861019,0,setosa
5.024855763619138,3.851654487321638,1.875337978506374,0.37734849080918514,0,setosa
5.053858349338393,3.8339603049252116,1.8814797618503933,0.4068490136731483,0,setosa
5.01653033689771,3.8448539257018632,1.9137798570390705,0.42007284308812065,0,setosa
5.147482449872223,3.790255833220423,1.891303367843418,0.4267454124268875,0,setosa
5.11508985242516,3.788202801592197,1.899776868821609,0.37782111355821446,0,setosa
5.126652533576573,3.8354250172914868,1.8982391962733864,0.47329318022633926,0,setosa
5.036421889967068,3.788697275695602,1.9666061989161598,0.3811631399254733,0,setosa
5.033938077794974,3.8539793568335874,1.9199283302767736,0.35020593685713786,0,setosa
5.129129507186094,3.7570792018121386,1.8443518545399449,0.39198131745822856,0,setosa
5.078807975453781,3.7540768992621882,1.8834302417088442,0.35781814830548264,0,setosa
5.100495390730345,3.79716862890064,1.9279679484240686,0.37986482073186706,0,setosa
5.044702840084091,3.7451967921972327,1.8882431976303584,0.4596978446018048,0,setosa
5.132131437228075,3.772393004760314,1.9358840106313402,0.35159810449539397,0,setosa
5.138745840936915,3.78275527573992,1.928939029444007,0.4230820545703012,0,setosa
5.0869970140574114,3.811261015074474,1.8553244017390136,0.3951605654160461,0,setosa
5.141567007885084,3.9624642524260754,1.9263270996176936,0.40165942074289424,0,setosa
5.057516952037918,3.8406207039677462,1.83169627335496,0.3659418672083395,0,setosa
5.112507796853316,3.749789736394162,1.9599325672393668,0.44199230224629504,0,setosa
5.075351508672945,3.7758713342357435,1.8452405918845283,0.3419593617133796,0,setosa
5.115909177018438,3.8231715092743537,1.9122513942374493,0.40881711374993235,0,setosa
5.075672736927705,3.8126112189115235,1.8390886292372757,0.39848493023227977,0,setosa
4.8573041294951835,3.0512472082330766,1.3795611981603246,0.2847459586787429,0,setosa
4.853459842322295,3.0699075290522053,1.3380948924420935,0.28104153866594195,0,setosa
4.8075633289971655,3.047079061651957,1.3645247573675416,0.32395435505589837,0,setosa
4.786110662378734,3.0935501709759565,1.4154396497036363,0.29276835987527655,0,setosa
4.784726492400767,3.040572760613178,1.425456088002992,0.2547026745711559,0,setosa
4.806903950668038,2.9444229719453734,1.3678340951058454,0.24620102393149784,0,setosa
4.744948353429916,2.9706132784930412,1.3588351746848677,0.31939882465491704,0,setosa
4.830199698285303,2.9886047045755224,1.3532518128590278,0.33050353708855057,0,setosa
4.716907359637991,2.9206324716814964,1.4274216036002032,0.32455918489024316,0,setosa
4.837347572783511,2.989540291822026,1.3475424664789064,0.2777488367635562,0,setosa
4.820980441721641,2.967417577516429,1.3700033911088454,0.24218718477064752,0,setosa
4.751461480439643,3.032076963763987,1.4164649974863328,0.2515522164004012,0,setosa
4.754816849328487,2.975628203430911,1.420225746097252,0.25127219237236803,0,setosa
4.791436964395414,2.9120479069710044,1.347709292743798,0.3151132314552145,0,setosa
4.834281351709363,2.951761294955065,1.3671408997908636,0.3302666210872381,0,setosa
4.78254182299876,2.976469744338781,1.4190668193336273,0.30609508244336164,0,setosa
4.842888693425686,3.030128793051123,1.37510081935413,0.2934613842660339,0,setosa
4.795831309076837,2.943774214091192,1.3591489721054988,0.3372860256978739,0,setosa
4.734509577769592,3.038212191409766,1.4097284115897137,0.29269260429934285,0,setosa
4.819891029935994,3.0174067466335273,1.446830041627572,0.2822124035176214,0,setosa
4.789120242725153,2.988422954253934,1.4738755128177843,0.3362705471539868,0,setosa
4.761211500926715,2.9849326685400546,1.3699969374146366,0.2988804513532399,0,setosa
4.806930929342925,3.090393076794988,1.3250893486456308,0.3396432367304387,0,setosa
4.815893424758122,2.9702017974089947,1.3923841201282237,0.2785048860199951,0,setosa
4.800419933902743,3.038821313458632,1.3374986595014398,0.3511325372430251,0,setosa
4.7834542314619455,3.0587466803952097,1.4149983261875383,0.34796242505230685,0,setosa
5.121198095099912,3.842049844483193,1.6007780550064514,0.16517148626229516,0,setosa
5.125509785684971,3.827067003561777,1.6827513055761412,0.11819691419169169,0,setosa
5.090665457322272,3.8411732121127984,1.548339939981788,0.18948630302504993,0,setosa
5.183540710984507,3.855442938755788,1.5633758346016005,0.2558504560750689,0,setosa
5.146150105564354,3.829850357853297,1.6139760960574854,0.2082620787379243,0,setosa
5.063854532699157,3.7780283357070634,1.6281194083093755,0.20439990654051782,0,setosa
5.17289193765438,3.785403011102518,1.5025836290747046,0.1854039763932896,0,setosa
5.1099260867337595,3.8141431672930315,1.601539352277049,0.16587876612004077,0,setosa
5.158734856683791,3.7722469971497685,1.627348700023366,0.18736914004027105,0,setosa
5.050920881021754,3.8555190171313205,1.4983956020711677,0.16481830927674657,0,setosa
5.116262969315099,3.7846698643412227,1.6290180441260744,0.1949847597397224,0,setosa
5.080857948320895,3.8855368201232525,1.5902221332517643,0.1927172451323762,0,setosa
5.055705887335018,3.7691324729482356,1.6250752845608534,0.2216636714864786,0,setosa
5.099184197040036,3.771098610782489,1.626608931570511,0.13097982918171724,0,setosa
5.085504121949908,3.789093308637426,1.5653541617208846,0.20534791760753573,0,setosa
5.072532014815545,3.767127573817266,1.6714178249291127,0.2289849654117539,0,setosa
5.1473514239282885,3.8014341568263386,1.6380003611479335,0.23067841263467975,0,setosa
5.147997887756802,3.894235985014284,1.5904373045945577,0.20989549115520129,0,setosa
5.0974929984041575,3.65893074603431,1.5437204900319217,0.20036975679897517,0,setosa
5.124984099830395,3.776624595695027,1.645107212440801,0.25106543069049075,0,setosa
5.083195228216169,3.8567134365102462,1.6698391319850667,0.21835971732260176,0,setosa
5.060543292804988,3.8585638897590204,1.5932928530448123,0.18475858521257352,0,setosa
5.104538555435871,3.7783919205243466,1.6428172207246263,0.23102896097294187,0,setosa
5.148716632584159,3.8232143452643017,1.568213370492734,0.19361468886034439,0,setosa
5.135015186659519,3.78372233628182,1.716798919227729,0.19030791088211957,0,setosa
5.076544425609126,3.845956109665716,1.6299095096683582,0.1988829712557018,0,setosa
4.5907902320040765,3.2170601242893975,1.4334213141201924,0.23050855942787934,0,setosa
4.58793350502033,3.217276528737938,1.4337580730004744,0.23059880813535538,0,setosa
4.4765465431601985,3.164389460063491,1.3689653816641683,0.19078698665123953,0,setosa
4.607163457939722,3.2368573758798407,1.4247074108724989,0.19492189384586264,0,setosa
4.600925692147394,3.270364798019574,1.3754894454398985,0.21217956782855096,0,setosa
4.662619965462992,3.21383696803175,1.3182593681521317,0.21499710544584408,0,setosa
4.5845057906345685,3.195475952249609,1.4420405437220505,0.21878136914197963,0,setosa
4.589438339792926,3.2356803807622216,1.4174111291871851,0.20420563957107807,0,setosa
4.6120403186693615,3.2101245903111333,1.3864190331638222,0.18163599855289772,0,setosa
4.601006455244684,3.1618302303041848,1.3496446551693304,0.25203643895853695,0,setosa
4.590412295547116,3.199039911513605,1.3945982391700593,0.20093622834894564,0,setosa
4.600908438018665,3.202604996535176,1.3678021692093745,0.23728092685605884,0,setosa
4.572316209935649,3.241396207291514,1.3232474227377367,0.15753899820719663,0,setosa
4.6396849518798575,3.1940739995361915,1.373159160682605,0.21500694510892723,0,setosa
4.558178975009642,3.2030748800344893,1.3113938799407943,0.18190556171302857,0,setosa
4.57400619637067,3.221584644099303,1.4350308517598283,0.16581809368814487,0,setosa
4.66435644944664,3.176318668375892,1.3177630502706732,0.10481165829823401,0,setosa
4.661558434654414,3.196498536665658,1.3741068625923245,0.17008407126212807,0,setosa
4.556311340823009,3.2540893508550384,1.3966446780400064,0.27160832600851403,0,setosa
4.592039892642575,3.105988299993099,1.4337773576597894,0.18527218028639003,0,setosa
4.590516892817197,3.2626909347342745,1.38946448192155,0.24647972955233466,0,setosa
4.599800332807551,3.1699207497189756,1.4202925910126032,0.1759727024089843,0,setosa
4.649131798123408,3.2383954605411613,1.4025093562389321,0.22439588170406385,0,setosa
4.6225840887163265,3.1889753113550343,1.4358058575061716,0.1909083365406345,0,setosa
4.624648226890118,3.1619861803425864,1.404081133239995,0.21664369680533996,0,setosa
4.568461857242252,3.1834269239938426,1.3787582203579305,0.22922599886022502,0,setosa
5.271326672659102,3.7176693712670157,1.561151001493368,0.21444541301077988,0,setosa
5.235724295111786,3.705240509533953,1.541863992029956,0.18879748887191797,0,setosa
5.3446292803774105,3.7249953256969537,1.5171286075208397,0.18984449709306056,0,setosa
5.279815685891997,3.6900791221061247,1.5028582595928495,0.22127638176234501,0,setosa
5.317189571864338,3.6883466121080057,1.5030144401098746,0.2159248626637913,0,setosa
5.235437958190468,3.6697187066646575,1.4685027113650855,0.19231854264291612,0,setosa
5.289467113540367,3.6901878788951143,1.4656075500270755,0.22744031620802363,0,setosa
5.311657015707732,3.634845933757062,1.5011005004352498,0.15552573226429683,0,setosa
5.368680744791968,3.682373419435028,1.4848558434693135,0.20397206669714651,0,setosa
5.292624891712388,3.698299536292611,1.5625360825536294,0.2096920297757998,0,setosa
5.3340567323292145,3.7457542288014105,1.4616856141413197,0.2682461254155156,0,setosa
5.3282132118198735,3.7389763182377345,1.4661614535956247,0.23339598081500026,0,setosa
5.317244474042238,3.6792277121016492,1.5920324189177788,0.22339511309482638,0,setosa
5.291153012505223,3.708493568146899,1.5371487309995966,0.2459547321181366,0,setosa
5.32401636889266,3.749444934286542,1.5595666041960097,0.1513752673853816,0,setosa
5.2813436201619615,3.6631935113241694,1.5046697972204344,0.258513581462226,0,setosa
5.326913988721781,3.6589641108988475,1.4890491687667913,0.2419389731458015,0,setosa
5.279540156401598,3.6969317818304974,1.512977959753837,0.12794000957020835,0,setosa
5.331983621154143,3.7144925995855376,1.5235410300909595,0.16165362133039574,0,setosa
5.27008027068199,3.676926671046294,1.5108225980215488,0.2036138981923823,0,setosa
5.305912660115291,3.7724686772571046,1.5530192697168204,0.17203913900452247,0,setosa
5.274659905858919,3.769429096577501,1.4881211408172594,0.25595355151027804,0,setosa
5.364744877428842,3.6791060393249495,1.4900205381964404,0.2041132469302596,0,setosa
5.266249545021343,3.661685464083394,1.484752289414957,0.23490790351572438,0,setosa
5.282884279421776,3.6925471032914032,1.4821903763495234,0.14620650337485747,0,setosa
5.360175032380888,3.6071105943665875,1.474637070776883,0.22314902165338715,0,setosa
4.944966289924216,3.324989810269608,1.4508930963858844,0.1664099940298896,0,setosa
5.009140438005746,3.256373844605371,1.4210686922979572,0.20432033237311795,0,setosa
5.009404404015913,3.3554277666873262,1.4196264221799775,0.25461676379462095,0,setosa
5.026143275874784,3.2527911582116573,1.4112322864526246,0.22035535595007075,0,setosa
4.942950759176882,3.3541154597062284,1.4034956965249932,0.21549737866774804,0,setosa
4.964913467042469,3.30367651108274,1.4127670962183234,0.18772236858942262,0,setosa
5.003997703956857,3.2159874338150987,1.4552482908548263,0.15619871228941415,0,setosa
4.913474364868107,3.262345967849389,1.3673634567687885,0.22250374453494343,0,setosa
4.964200583439941,3.3121196231978347,1.3623650983567124,0.2890235499992022,0,setosa
5.022551210828979,3.378983498411014,1.3601486320538496,0.22727374930250083,0,setosa
4.96247181382696,3.3238528248351473,1.4278277475132861,0.1369197171243699,0,setosa
4.955227362262447,3.254026015351569,1.340522564214389,0.17141684056299034,0,setosa
4.962237289243613,3.2428268047414828,1.40453310845829,0.22243304092563038,0,setosa
4.948009566032133,3.2783045474623296,1.4008896805748716,0.19128780455083205,0,setosa
4.9725212716337515,3.332947894236652,1.4344040328826693,0.2277032760445821,0,setosa
4.992170988079569,3.379952030668923,1.4701080978506207,0.18440109568517807,0,setosa
4.995662991768289,3.3479974005587962,1.3684761273602293,0.21638883099070685,0,setosa
5.0022856412192205,3.272300844370224,1.391161004761885,0.13755056051195358,0,setosa
4.97868721041678,3.220587127087928,1.491596916426857,0.2606140856486173,0,setosa
5.049521392234682,3.312445503635307,1.440296453062587,0.25123031611906166,0,setosa
5.04096821176385,3.3370520877924497,1.363818052706414,0.21743730885621781,0,setosa
4.978897027362483,3.253044202817071,1.3545981558761195,0.21735247590400503,0,setosa
5.042350844377451,3.2455059119263936,1.4700271639615772,0.25896491352900836,0,setosa
4.984961737691156,3.281649940002053,1.3972398343375805,0.23940221644043536,0,setosa
4.984817074150676,3.2558731155438494,1.4138541528853055,0.11748973744661147,0,setosa
5.005716015083663,3.3464320484717036,1.4122813482080476,0.23126065921497005,0,setosa
7.019786919695111,3.2291454214963995,4.705828039533059,1.3668348715805851,1,versicolor
6.991026262726546,3.1970695271758465,4.750354452975426,1.4650457146160782,1,versicolor
7.016824476429165,3.1698898645231797,4.6708127158743515,1.3924998395011183,1,versicolor
7.055551899873151,3.2133829492494757,4.697786676274813,1.3693995000924046,1,versicolor
7.035295160401823,3.211574860306054,4.6979688883234525,1.40413694866099,1,versicolor
7.0674606396004656,3.193584893483008,4.767538352171317,1.4496913998701786,1,versicolor
7.002093650270969,3.235354953221529,4.695048840484874,1.3668649417966063,1,versicolor
6.98928392403067,3.1637105625485167,4.720457948944337,1.4005891206820384,1,versicolor
7.022713205415359,3.2330674051497783,4.57519020784074,1.4124599421138386,1,versicolor
6.927932909492097,3.206665247004745,4.664904430144277,1.4041695101973932,1,versicolor
7.054618109117137,3.131688052266641,4.707626277098373,1.3968629722491788,1,versicolor
6.924311279651011,3.2259192471494673,4.701368864887353,1.37965046486594,1,versicolor
6.9711287832847395,3.328502097903971,4.684245265730159,1.3279870794562074,1,versicolor
6.962764064885227,3.1853354564352787,4.6846241073218335,1.3968458768245589,1,versicolor
6.958120692633207,3.22166162522333,4.680648984363476,1.3455709919659407,1,versicolor
6.967376551533411,3.184613334463575,4.733944953125222,1.4193809722772943,1,versicolor
6.986479343923914,3.2007878781636143,4.708605969586118,1.4815490130736981,1,versicolor
6.975295045069173,3.2186827591596,4.729054717039277,1.3618778246435255,1,versicolor
7.0075689037821025,3.20653731985023,4.681207879915702,1.4227032999364606,1,versicolor
7.041139702478237,3.245209125875048,4.692327429758639,1.407595085104348,1,versicolor
7.094026421138079,3.155854471725064,4.70887478240272,1.4355989587487907,1,versicolor
7.006004836215532,3.226238827781604,4.706907375596476,1.430146255440868,1,versicolor
7.051302523669194,3.1911436271959843,4.707900266879048,1.3977910760519932,1,versicolor
6.9838548783780725,3.1992146702232938,4.654734155038502,1.429780736423895,1,versicolor
7.068097988237852,3.268180455719262,4.751034164487208,1.361434998019673,1,versicolor
7.060790830176741,3.1713835757684956,4.697877618714307,1.4738468345787556,1,versicolor
6.357123626045356,3.2336520537919884,4.511250791030965,1.4939162870488205,1,versicolor
6.364958361938663,3.216900146921656,4.481448315341309,1.541810236132461,1,versicolor
6.448971582685818,3.144827715368204,4.479789481707678,1.4872368368363633,1,versicolor
6.352731526882912,3.1552838496785545,4.503546768525411,1.4916777789702933,1,versicolor
6.333926034973738,3.1784749863308637,4.520756194906587,1.4517500127704426,1,versicolor
6.363055939681701,3.263506970407298,4.552688650571225,1.4351587042534757,1,versicolor
6.345961106304279,3.2150901071438205,4.452340012100456,1.489888595740043,1,versicolor
6.381948656882716,3.2224062390696746,4.3988507471326885,1.4118998038320456,1,versicolor
6.350952316003398,3.240555118735327,4.493826726807888,1.4316711921507448,1,versicolor
6.419719576078932,3.228307200631855,4.490165496692762,1.4867779302706823,1,versicolor
6.417505482534793,3.2483786974395494,4.50609743371226,1.521323867500136,1,versicolor
6.398070810635538,3.1847485815811813,4.463362862383204,1.5102521591936138,1,versicolor
6.387992158959488,3.1902545793994834,4.537188685297175,1.5195200472815544,1,versicolor
6.434803953035821,3.1369740180429835,4.522335257153561,1.476405300761137,1,versicolor
6.367670240322419,3.1659139876543714,4.548455840919084,1.533114555513406,1,versicolor
6.371324006408508,3.1544970691040697,4.5005491878974935,1.4816171252681232,1,versicolor
6.466382480873026,3.1415487652801617,4.426805832920474,1.4897697868646524,1,versicolor
6.400429498820924,3.2053047120745557,4.530136911195849,1.582933425624654,1,versicolor
6.386306292025256,3.1782252320758153,4.429630484478229,1.5097362249764208,1,versicolor
6.434136339438786,3.189582500819083,4.547224601377819,1.5012115958553174,1,versicolor
6.4605941248327285,3.213325343621348,4.457713573625392,1.474527181683574,1,versicolor
6.33865015295866,3.130517488448618,4.510676596443183,1.5347839189798291,1,versicolor
6.478170473323131,3.1977930475360696,4.490525633395876,1.4556385218044705,1,versicolor
6.439492501640202,3.215567068044515,4.476194772082761,1.5275412351045903,1,versicolor
6.42245395560349,3.125201927648397,4.52970775551567,1.5054443782415707,1,versicolor
6.384340945530847,3.1833167902057444,4.5699360921136725,1.5614385087061595,1,versicolor
6.973037677169032,3.054053350645359,4.873820209044813,1.5362193938078628,1,versicolor
6.8516612987620045,3.071191886698263,4.827829713836271,1.5741236736318098,1,versicolor
6.942507410131458,3.118340526295175,4.9087688581540325,1.4833147456890388,1,versicolor
6.884084898072327,3.1246274479954494,4.871528871366034,1.5490958062518074,1,versicolor
6.880296836175691,3.065060620319738,4.9519204818479485,1.49424085331985,1,versicolor
6.922195001059659,3.08340249961597,4.809995893639629,1.521888110141912,1,versicolor
6.8461326649986995,3.1432891953386637,4.837967282289739,1.4254052981899794,1,versicolor
6.9123055586179705,3.1170108191639256,4.904267467170348,1.451456837946576,1,versicolor
6.935541279966315,3.041412461715829,4.881429485674487,1.4684748908622227,1,versicolor
6.8848929710566065,3.1341112136636484,4.874636928112574,1.5225756214938349,1,versicolor
6.92776585065061,3.031558414189379,4.85333677308528,1.4846659094361543,1,versicolor
6.8763151396639115,3.112306861005138,4.82273356162769,1.528823646578941,1,versicolor
6.9297829436930956,3.0932704163089633,4.844677653952609,1.5002233406749734,1,versicolor
6.878500374296158,3.1226655848689306,4.896583178373488,1.5291290768062136,1,versicolor
6.882667112971676,3.1577045801652255,4.807809570156784,1.4593529841376607,1,versicolor
6.9196324966327225,3.039563362790397,4.929437262847264,1.4513312142799053,1,versicolor
6.903727914120455,3.0634097545126346,4.882351789413193,1.50698495256078,1,versicolor
6.895810625918945,3.0847472054743506,4.98612464342288,1.5003384708308862,1,versicolor
6.861201594614396,3.1371040413241356,4.932826466993189,1.5489169662659588,1,versicolor
6.971490334203881,3.06242654959335,4.942380872388627,1.5455839765582116,1,versicolor
6.900014571887898,3.1098065443708034,4.779888707507648,1.4770420203957826,1,versicolor
6.971518530242025,3.0285262045049066,4.87857226462241,1.5115174393036277,1,versicolor
6.923022534891698,3.1652616936139375,4.829487058160224,1.5017106547899748,1,versicolor
6.934386879511041,3.0474540532773484,4.89841243006741,1.5753918418544453,1,versicolor
6.952660257149922,3.121579932446776,4.795436775721656,1.4947866239085188,1,versicolor
6.915456822631828,3.087661010136222,4.89738243427274,1.6233369472695984,1,versicolor
5.49142125922866,2.2612147961298783,4.009714691797943,1.2873730640949306,1,versicolor
5.487610073868075,2.2965160606922232,4.030961648790647,1.3095002238844726,1,versicolor
5.451942274858329,2.2946918065004205,4.018977923692022,1.2812909821445073,1,versicolor
5.545957751971353,2.3310851264504016,3.9603692647117796,1.312791759133024,1,versicolor
5.579350992840879,2.3624073115276483,3.9977491204872924,1.335904469321756,1,versicolor
5.473045471764109,2.2420769086674603,4.022172782412632,1.3098614908098993,1,versicolor
5.5205660326040675,2.2990120331476045,4.01303887742793,1.2794834155829105,1,versicolor
5.518930341243842,2.333323225461931,3.9976636034782755,1.3325658324329062,1,versicolor
5.429162299295079,2.268551058509901,4.057780552527155,1.3704669233350633,1,versicolor
5.510023860602449,2.2958658052376735,3.9492813963532973,1.3145430387916444,1,versicolor
5.531137541629983,2.2407284369326765,4.022355936495437,1.3196266657285538,1,versicolor
5.517634594088801,2.2548989301301705,4.021673737370822,1.2400823601508577,1,versicolor
5.559543832678331,2.3054073384757423,3.9534539285276744,1.3538074482457398,1,versicolor
5.54616041803732,2.2739827420448746,4.08816416678137,1.2598342973728867,1,versicolor
5.512536778447866,2.347297505697749,3.909173120934514,1.3400585193703083,1,versicolor
5.49741127405709,2.2993720092958156,3.9569255260995,1.3132609655777665,1,versicolor
5.455608627725785,2.261261586527249,3.982090511864076,1.25090674613916,1,versicolor
5.562909255906155,2.246851264239391,3.9698091822892834,1.2873455114620633,1,versicolor
5.500142825682052,2.3316932556162344,4.032732122185799,1.2878856500317661,1,versicolor
5.484636855725301,2.3014012448903824,4.032881325844513,1.3278993338459988,1,versicolor
5.479345333454616,2.2176319059037977,4.085722117357207,1.3380574251302109,1,versicolor
5.510532589463097,2.3136176997697673,3.979136283801865,1.2599576849548424,1,versicolor
5.486700788578474,2.291101337102397,3.974990053004794,1.2417139430840427,1,versicolor
5.487497004092127,2.323062353427689,3.9802042460344507,1.3008789002519305,1,versicolor
5.417170733386644,2.2916950043601707,3.9951216643313296,1.2509564287327752,1,versicolor
5.430818604879209,2.3164730857624414,3.9676139070962466,1.3195346096333689,1,versicolor
6.4831916995042125,2.8249282969719065,4.586448173463762,1.439735251183953,1,versicolor
6.496541343197478,2.7868694288724623,4.6262948626749205,1.4819763850249534,1,versicolor
6.484277169770896,2.834395135999711,4.646652431755349,1.530377761026207,1,versicolor
6.541511602935448,2.818168253415799,4.6308141581342825,1.535130195809008,1,versicolor
6.516150395651144,2.8025173134489547,4.605686219059552,1.5961941046966064,1,versicolor
6.500547121201042,2.790527673462075,4.5854296127879755,1.4986662145291736,1,versicolor
6.509768347412878,2.7547547689695233,4.520777271463762,1.511810009292524,1,versicolor
6.43575787397824,2.8103487479775655,4.6056248050914546,1.5461162679816058,1,versicolor
6.566807869218566,2.814706882448232,4.577842221001092,1.4530084327189903,1,versicolor
6.4683293316399,2.8015990967105635,4.517225738925726,1.503009809572588,1,versicolor
6.499517729030306,2.825777741497778,4.586615317138492,1.5040819159337535,1,versicolor
6.470554731633442,2.781438802632136,4.529070626152499,1.5049455933024793,1,versicolor
6.561949640033,2.806505415694273,4.614633426523644,1.4607347831007698,1,versicolor
6.557251774625824,2.769319493836701,4.632070959358599,1.5042934122802667,1,versicolor
6.461635557166585,2.8410872596926455,4.600615174214986,1.5071488811437666,1,versicolor
6.518085618706214,2.799139726756378,4.584851445743764,1.518646917290294,1,versicolor
6.483809709637555,2.8026140591039357,4.573292629465306,1.4403961976593727,1,versicolor
6.473073057333571,2.7801943265639935,4.600592297006315,1.5473760519875033,1,versicolor
6.432421194104601,2.8051437780720616,4.511522961210184,1.4581654650061575,1,versicolor
6.479717335398739,2.709877131912023,4.525691205383827,1.506161704653688,1,versicolor
6.503110369740254,2.7954484546275027,4.567851029930818,1.586174813211511,1,versicolor
6.493550140877144,2.765515565367862,4.6671359398460455,1.5245723829313198,1,versicolor
6.485162375005216,2.847707323064349,4.6062666914205606,1.5257254823352462,1,versicolor
6.509392174647682,2.758862986262842,4.638848185515155,1.5064183254926495,1,versicolor
6.459624284985052,2.76948312332676,4.638213948185536,1.4852250864229037,1,versicolor
6.501857196855341,2.826181126448532,4.605133190468784,1.4389357458107468,1,versicolor
5.725496354470877,2.837535206591327,4.534665715130623,1.3646724838401652,1,versicolor
5.714571172819769,2.831081403667246,4.5635719453471495,1.2883708853186884,1,versicolor
5.769454988013566,2.8693858513463786,4.531323587956724,1.3735875046082002,1,versicolor
5.734077569605848,2.7647718808968826,4.545495577981597,1.3130559395822232,1,versicolor
5.716539195587706,2.806184134200124,4.554384152089083,1.3220945913828321,1,versicolor
5.672167977122548,2.819432557696736,4.529170725067856,1.2709766290129327,1,versicolor
5.682629318044474,2.784677626785169,4.475706634640341,1.3139516992276072,1,versicolor
5.740709832268599,2.875694761667955,4.5477874699474965,1.3408834112271328,1,versicolor
5.745727967600572,2.853411394412296,4.4849315769762,1.3277441718537784,1,versicolor
5.712889422936043,2.794826124743623,4.481801952819225,1.2797888841935257,1,versicolor
5.6892803901824305,2.7506091809031994,4.52086849437641,1.2991246035538881,1,versicolor
5.704240976087539,2.8135476075609436,4.528996881349929,1.2763297773103426,1,versicolor
5.695748984256246,2.735659896945235,4.411205668161887,1.2223802636805872,1,versicolor
5.761472832969631,2.726944877350057,4.518887839918663,1.3590888007587898,1,versicolor
5.68168922657006,2.865191944959752,4.573891033962567,1.3378135389005656,1,versicolor
5.794904204081245,2.82490931040763,4.470860971098605,1.320964162673988,1,versicolor
5.682371340254754,2.7480036510768917,4.449106247605142,1.3926447706797225,1,versicolor
5.6785540529179555,2.7992667699073714,4.4737209775444695,1.305807145743349,1,versicolor
5.690787247442962,2.7839540786386396,4.451929876085661,1.2438965146590757,1,versicolor
5.67068019373466,2.812174125990919,4.583549213798263,1.342646168250606,1,versicolor
5.773469467829547,2.81997511079007,4.497106050700048,1.2476124100247077,1,versicolor
5.700725246520579,2.714871164350044,4.488660206333181,1.3658151283326234,1,versicolor
5.713869182598452,2.8458707240214047,4.4854744253162195,1.2457293123706739,1,versicolor
5.681635771223217,2.784949798841467,4.549057811950044,1.3798692830661798,1,versicolor
5.671250305714356,2.78652437630018,4.495083341334132,1.2869644714160433,1,versicolor
5.65117792906367,2.8046695161410296,4.515448551190513,1.3164131549648177,1,versicolor
6.252735040948955,3.2964529001035205,4.631422981361164,1.6375698250639654,1,versicolor
6.260256975185955,3.290078407120161,4.683110982452663,1.5777532946026391,1,versicolor
6.258741111710382,3.230412642340874,4.770446495385205,1.6113710435019772,1,versicolor
6.311778064794917,3.38512745429099,4.697156069529737,1.6232936516483978,1,versicolor
6.302037813826842,3.3486999574928227,4.721291462720804,1.6138060585106688,1,versicolor
6.291025738215277,3.312434408215846,4.747804360275507,1.5181884647737298,1,versicolor
6.296104881075853,3.2845600464509173,4.689267691154097,1.5222465157195328,1,versicolor
6.330542126413048,3.2674731956277676,4.692218636053619,1.581146378606683,1,versicolor
6.234502476764749,3.28345683025716,4.627631961431734,1.5636050178511882,1,versicolor
6.288702256068225,3.30112738199198,4.703527311477952,1.5958115316378654,1,versicolor
6.386827120377351,3.318736200959809,4.652454643106943,1.5768343125122501,1,versicolor
6.275027417449975,3.29422902436002,4.677190111258761,1.5671110237926134,1,versicolor
6.3672915503285665,3.3030888931121662,4.687845098822946,1.5912415544942038,1,versicolor
6.2926611423607195,3.357050074757824,4.7204767211304475,1.6462731061053655,1,versicolor
6.176626115996611,3.31440767447959,4.743735929153284,1.6803109144624437,1,versicolor
6.302557285588622,3.2327116198359747,4.724949041209579,1.577431329130613,1,versicolor
6.2297240051776415,3.2766527833218757,4.743650652343994,1.6494894830723834,1,versicolor
6.330282414037392,3.2595045618496385,4.80211531767781,1.5546678739543673,1,versicolor
6.298344064582149,3.2436653491551546,4.754159871163017,1.619320718457393,1,versicolor
6.337020738914262,3.305117500408741,4.698788667543993,1.6085058536002736,1,versicolor
6.226006370539193,3.3413147209103244,4.73809777442263,1.5858769909418209,1,versicolor
6.30108531308566,3.313584543377833,4.7644166022137995,1.618900204280621,1,versicolor
6.303337713853176,3.2812882673977817,4.641525924367578,1.5778281472887445,1,versicolor
6.304549531585724,3.291619851136471,4.704745600723998,1.6315524426317238,1,versicolor
6.319166895161824,3.312776406931524,4.728029122525985,1.6092443163174708,1,versicolor
6.300566856313992,3.3206018897451113,4.632714095954129,1.6519462785428223,1,versicolor
4.850279890373643,2.4353403912882747,3.3023906835980403,1.0462116731133264,1,versicolor
4.903313858180866,2.3641485370414634,3.344868554252678,1.0093311788515358,1,versicolor
4.906700533619758,2.405217204469261,3.3420362706246056,1.0347072587590094,1,versicolor
4.9112204108725805,2.339989685435964,3.2858749598839756,1.006278701805742,1,versicolor
4.973862766831184,2.4174571315693196,3.2984097970933446,1.0499423968358097,1,versicolor
4.897658307973402,2.4010037190570603,3.3084169204398273,0.9422265066874742,1,versicolor
4.940448881516159,2.419187919987113,3.2908608314164955,0.9564836074274287,1,versicolor
4.910724046211647,2.4581868576826715,3.2765439369131606,0.9597338487029204,1,versicolor
4.9190097068717575,2.3383515934970536,3.2133740188832935,0.984445210692764,1,versicolor
4.874633146129098,2.391166039227021,3.280197583346985,1.0155544603901514,1,versicolor
4.893429207437828,2.3783164856774532,3.283972461582872,1.0275480732091868,1,versicolor
4.940638277902105,2.438470999349045,3.33019635554329,0.8703957561515001,1,versicolor
4.862245617001506,2.3897457417536874,3.310569398817547,0.9376456768869973,1,versicolor
4.959240502210319,2.4144948659982237,3.2775193789907564,1.0089135086149674,1,versicolor
4.888521281022461,2.371994274641515,3.3226317122141316,0.9842461221105997,1,versicolor
4.845934885583827,2.377004967878452,3.2978299765152572,0.9592298637567371,1,versicolor
4.952877857766293,2.358864887618802,3.3727391943676914,1.0382356658676473,1,versicolor
4.864807471135399,2.4076856032996847,3.349771329887244,0.9948627644733486,1,versicolor
4.8548003325587805,2.407004907748175,3.3821452361096656,0.9429517744712874,1,versicolor
4.924757871079008,2.402981528113352,3.2978915620962446,0.9870292758166411,1,versicolor
4.88986220171375,2.444164822247254,3.3265387159074593,0.962788619535116,1,versicolor
4.965047858735498,2.35082398780329,3.329236674539266,1.0100911058065256,1,versicolor
4.9506928576982965,2.417009575275058,3.345022346093116,1.0018175471631854,1,versicolor
4.941716763740144,2.416594760447056,3.3887864675843242,0.9750076086136665,1,versicolor
4.950614730945202,2.421438328482654,3.30992599121908,0.9802183160786812,1,versicolor
4.9207779860869785,2.34394532372839,3.2481578878186395,1.0313872616161377,1,versicolor
6.540720872100698,2.9604042977477936,4.5919601326752035,1.3129338201035792,1,versicolor
6.605967509199571,2.9197794084932,4.591810288940253,1.288281952227993,1,versicolor
6.597948894890983,2.944968633453151,4.648335610584925,1.3539646943577313,1,versicolor
6.617628023807964,2.8949964985611034,4.535835216268496,1.3287463202598788,1,versicolor
6.636655394981578,2.886907953723196,4.635320185622458,1.3546004215769403,1,versicolor
6.606823881603389,2.945320455218603,4.615360109736181,1.2336593915861334,1,versicolor
6.584153799830842,2.8866577536639753,4.624238570503741,1.2685291025032013,1,versicolor
6.585512216449895,2.864573023743476,4.601523406573533,1.305857954825419,1,versicolor
6.6420552052390756,2.9349537668723564,4.609654553464566,1.3127216961474524,1,versicolor
6.607427056288111,2.907581667153554,4.664945543060481,1.2036310714657996,1,versicolor
6.596054736128532,2.915590170608071,4.648275791659502,1.2593102706360526,1,versicolor
6.61695641746383,2.937559682472729,4.585267719705203,1.2267310709222405,1,versicolor
6.588690621543631,2.8550516182005437,4.629122203140108,1.269049885156634,1,versicolor
6.674306985992084,2.9087446489727316,4.57086927443036,1.282901174820034,1,versicolor
6.559398251637589,2.9186666771569167,4.662732680859116,1.294465069453547,1,versicolor
6.640079423638213,2.8653908228008538,4.615407805579717,1.3952410104709037,1,versicolor
6.546860215595557,2.9523769693049933,4.650031566325037,1.227884226678789,1,versicolor
6.545708023243203,2.864036626936615,4.641830819252191,1.2859242703357674,1,versicolor
6.596380475411161,2.931371832963002,4.607788323467668,1.3120979268050024,1,versicolor
6.590214397298428,2.948026747350717,4.571940665968745,1.3700545536184887,1,versicolor
6.58952695201674,2.871130727905633,4.628899990780692,1.3210684760209874,1,versicolor
6.523810326771817,2.9118640728538736,4.549007882144495,1.2698193907648543,1,versicolor
6.6344589349438445,2.868483056563824,4.617178728547544,1.2877657973664616,1,versicolor
6.680261647528362,2.899084063507074,4.555909281866236,1.2587063329307961,1,versicolor
6.566643289064482,2.907945422239325,4.602708044135463,1.3415769169870462,1,versicolor
6.60947254108889,2.907910236923422,4.615700811641753,1.2975450877933798,1,versicolor
5.214399701382053,2.7340148922831697,3.934008482506727,1.3808542887979043,1,versicolor
5.131928229161141,2.6702994441420165,3.913882579711425,1.3030497164451793,1,versicolor
5.183550460929417,2.720523094751798,3.8799836402011265,1.357795488685956,1,versicolor
5.272656895470954,2.757878956366475,3.892135130762092,1.4553557060778493,1,versicolor
5.254376285142374,2.65722357905526,4.009613446273001,1.3649032964971506,1,versicolor
5.191841529160438,2.6585260575689706,3.9054317607672684,1.3497127791893802,1,versicolor
5.202001094553063,2.7455643654456505,3.9107870307368833,1.3916543789558116,1,versicolor
5.2640345524492265,2.6663361030883754,3.9408996464032864,1.3900701156563642,1,versicolor
5.2107695233108595,2.703374900967976,3.9072171087694443,1.399947094831536,1,versicolor
5.170773696358558,2.67929183516381,3.9196636409394117,1.397661152586373,1,versicolor
5.155436338261873,2.67371451843047,3.874188792215628,1.3996660016799432,1,versicolor
5.208968658783343,2.705441691747087,3.8756231645845967,1.4024500371870798,1,versicolor
5.14697137866371,2.586342580908047,3.8994545484308594,1.3354765577334715,1,versicolor
5.163717964131018,2.6533179222486747,3.926651694690177,1.3530740354141104,1,versicolor
5.212443219010075,2.681811198506766,3.851869363473275,1.338286129790355,1,versicolor
5.2196831807841155,2.7166155790839572,3.932081543277097,1.4743323265304291,1,versicolor
5.211914186508197,2.7122483089655662,3.8960206425875303,1.4051438234226536,1,versicolor
5.186870920610257,2.665071949747058,3.9805488723791544,1.3262922467131901,1,versicolor
5.2108798773337135,2.718395660555334,3.9066645880459228,1.3621510864201392,1,versicolor
5.192913387106639,2.682083874271942,3.8575101702321866,1.3985871263731058,1,versicolor
5.184093053641418,2.6782656786593972,3.9276254492445335,1.3578929914438655,1,versicolor
5.217820663998288,2.6757508096919334,3.91721339267136,1.4028727129318814,1,versicolor
5.209693945986422,2.66087060925712,3.8690165150412446,1.3657468634957564,1,versicolor
5.206878488543144,2.729753572727419,3.942995889804353,1.3798472644800606,1,versicolor
5.203221510142073,2.6351898608436883,3.8112015716895438,1.3651573445978558,1,versicolor
5.1731300389839925,2.6376780134190465,3.8286573821533967,1.4209321772309191,1,versicolor
4.9675276743669805,2.0,3.592195816601662,1.0063578900725672,1,versicolor
4.986765140575018,2.0264551574640404,3.46906259985567,1.0626885171864053,1,versicolor
4.937898163656673,2.0,3.4937491227866118,0.9686671444495737,1,versicolor
5.055413479468416,2.0,3.4699211899885616,1.0085321600105144,1,versicolor
5.021434693736366,2.0389334191248034,3.5126208684127054,1.0867736637621743,1,versicolor
4.9799539550278,2.0058228912455904,3.5329419140974787,0.9861571869286081,1,versicolor
4.987040741854824,2.0,3.4729874789417354,0.9536187325492623,1,versicolor
4.976479018749224,2.0,3.51367299552101,0.9350227336572974,1,versicolor
5.080769077299983,2.0661969742910062,3.542455243107161,0.9899548090940028,1,versicolor
4.974949082105343,2.047118328752841,3.505513404817147,1.0205770633326634,1,versicolor
4.969561503690437,2.040725690934451,3.4663397556582565,1.0024493576104028,1,versicolor
4.9292094155739345,2.0,3.5180978361919,0.9801629807302564,1,versicolor
4.9802907673845365,2.0295113147887753,3.495144459635558,1.0475270293127839,1,versicolor
4.90173204033051,2.0206576530343163,3.5182009412066306,0.9364655616282027,1,versicolor
4.946253643323779,2.032954196443486,3.455440800318614,0.9725912511196966,1,versicolor
5.021772528259372,2.0,3.516924407581573,0.9633373241553662,1,versicolor
5.009743897334146,2.041020960015662,3.510851387952181,0.9104780457911976,1,versicolor
5.023835082939774,2.0002024957335647,3.461799400222963,1.0533665379654085,1,versicolor
4.928421964567883,2.0725271622056125,3.472664601409408,1.0605619326406686,1,versicolor
4.996088798359003,2.0,3.5016390133881163,1.011066278426536,1,versicolor
5.019426286232652,2.0401036416458407,3.4621083597199718,1.017448679785129,1,versicolor
5.027182532261224,2.0,3.4605368709613353,0.9597437875037101,1,versicolor
5.027679404365862,2.0296492632106657,3.464798436057177,0.9444916110324301,1,versicolor
5.047152489594644,2.0,3.504152993923685,0.965717863524671,1,versicolor
4.92789009400303,2.002732935443175,3.490210499378103,1.0550997554310475,1,versicolor
5.088241751082155,2.0,3.5386063285629943,1.0393809728473973,1,versicolor
5.876936008538277,2.9632581881941946,4.261886893258233,1.4832251979517308,1,versicolor
5.896742538200547,2.986175364743477,4.192459536094612,1.4737156761646186,1,versicolor
5.927563327108098,3.047756950636432,4.182903692311893,1.4428167336870634,1,versicolor
5.899773892396454,2.938545177823859,4.172299738872328,1.5467469857761322,1,versicolor
5.990153971726899,3.012727169103926,4.155354579654541,1.5288085787821406,1,versicolor
5.808333634461305,2.970105552791632,4.258395616294386,1.5274173146414236,1,versicolor
5.842810213880267,2.931549377556895,4.231797881593463,1.4958629657405167,1,versicolor
5.8741311150537765,3.014172018396605,4.174903183848883,1.4212661787066008,1,versicolor
5.929940278497723,2.971963822583017,4.15783011034818,1.4446801432480327,1,versicolor
5.907706876177616,2.9657224798097586,4.2226038644000194,1.4871175921377444,1,versicolor
5.940773358184833,2.9823813696152186,4.171738952936608,1.4193745130484725,1,versicolor
5.854034979542995,3.0264296338384806,4.319368872323639,1.4479501150889469,1,versicolor
5.856471182760486,3.011219166804832,4.216769611690184,1.470829674350994,1,versicolor
5.900910727505744,2.9337981083479696,4.1859278183117725,1.5336327410566146,1,versicolor
5.962825473400325,2.991120828331811,4.187475336893949,1.5158032837053361,1,versicolor
5.941855158666538,3.0171907556885866,4.167924833442513,1.5119976660423446,1,versicolor
5.936325703958628,2.969446812228712,4.144648810600421,1.5180857825978749,1,versicolor
5.912399460024392,3.036296160351947,4.201368067725126,1.4722017929776807,1,versicolor
5.880461677301044,2.9569217363178053,4.160195180738297,1.4755455939149549,1,versicolor
5.878650659471685,3.042235313764478,4.149094511306593,1.4960166345494679,1,versicolor
5.874489188526558,3.0571494906609855,4.208386291261067,1.4831123856184998,1,versicolor
5.930395627792815,3.0006466835440317,4.179068707250149,1.5590863580017635,1,versicolor
5.9263067646522,3.066841952879598,4.2440764636188275,1.5289062765759676,1,versicolor
5.903338448646607,2.9549525607409737,4.226323188795553,1.5010062168920266,1,versicolor
5.925005332884214,2.9978262146057384,4.170732568281029,1.4581632738315902,1,versicolor
5.9260045975362665,3.049578942781815,4.186763527490686,1.5162917323360205,1,versicolor
6.053245798847082,2.1650598873561195,3.9847215191676515,0.9537584633242754,1,versicolor
6.045140502209876,2.2087071975386405,3.979937837848659,0.9324872267917328,1,versicolor
5.991164280809974,2.237975391212952,3.9865840144126077,0.9814817000932838,1,versicolor
6.023821976881551,2.149373512183028,4.000449341571844,1.022152555616489,1,versicolor
5.96742566933137,2.165457591825329,4.00825767739108,0.9944699000320258,1,versicolor
5.989057102369685,2.2066672356262056,4.00728056389118,0.9616875935021967,1,versicolor
5.971984233122963,2.2162957334850217,4.043015414106617,1.0522621911025627,1,versicolor
5.964874612338067,2.241958318683679,4.028637442025799,0.9973369260581341,1,versicolor
6.017930561540298,2.2314955037042754,4.069527012416551,0.9567139707747602,1,versicolor
6.022453652870694,2.193071882893739,3.99041573073647,1.0441416650854993,1,versicolor
6.031109717970315,2.158388409039125,3.9874289098437203,1.007696008790202,1,versicolor
5.942656388672901,2.232940968396383,3.9957272321931807,1.0051462462757994,1,versicolor
6.012013487990998,2.2703364743293046,4.000172914850839,0.984576141411928,1,versicolor
6.067649927301608,2.1788732789386294,3.977958005343972,0.9438117968716407,1,versicolor
6.041576832883496,2.209543768758034,4.0174377793459435,1.0053580976675567,1,versicolor
5.993435256372282,2.1677085843216806,3.9678951367254953,1.015909732957305,1,versicolor
6.003717123748364,2.2634065905468552,3.9687476777324626,0.9795564693675446,1,versicolor
5.958449074177502,2.2533981994756633,3.950065097002056,1.0293955900677922,1,versicolor
6.0557766843788245,2.193323560317995,4.0275605656297655,0.9147120436408849,1,versicolor
5.983594003996872,2.1332839788805438,4.005699278101817,0.9992610168574381,1,versicolor
5.968490706013263,2.2362830071530357,4.012982279125811,0.9782293750787731,1,versicolor
5.978652741007696,2.1407936613783267,3.9916027888260617,1.082754878427891,1,versicolor
5.97084438340235,2.2155950807827676,3.977268581463338,1.0307415432188982,1,versicolor
6.016365193613066,2.189751410693247,3.92846924288472,0.9786615025295244,1,versicolor
6.046431912256358,2.1893409230467578,4.023859353574662,0.9799972158054897,1,versicolor
5.925207026589078,2.21585593799073,4.011655844666796,0.9761341312030665,1,versicolor
6.084357162620007,2.910472290419295,4.675587024418056,1.4126981222936783,1,versicolor
6.0909764898305,2.805823398480547,4.693332772729428,1.375434598683704,1,versicolor
6.0659528975331165,2.9149577791368273,4.679737522491406,1.4203959911252042,1,versicolor
6.142290391817274,2.9047272394215566,4.637869650571493,1.370157984733465,1,versicolor
6.135178240975289,2.888868427864225,4.667197142288394,1.395542373400213,1,versicolor
6.11901155855434,2.9093640626367483,4.7246578395586685,1.3665243927996107,1,versicolor
6.0882812595262426,2.8891837624249765,4.698289764905736,1.316302749893792,1,versicolor
6.089818693119923,2.8461291940872653,4.754136138712517,1.4607100734104828,1,versicolor
6.165648308025986,2.931217580819395,4.680004272250462,1.4371489111733273,1,versicolor
6.091286952408289,2.923407028731837,4.663554565463118,1.376019906498878,1,versicolor
6.117635374907011,2.9693410620845504,4.698277841866242,1.4883875477492183,1,versicolor
6.208247206646109,2.8485916402569504,4.698212619288039,1.3616555892345557,1,versicolor
6.093805135528708,2.878188155476826,4.696667363669119,1.437465681696795,1,versicolor
6.13646373711232,2.9096159817533636,4.69945526635643,1.4040383115868023,1,versicolor
6.104378541166758,2.922052928905188,4.699576938752433,1.4192583518255466,1,versicolor
6.047598264457284,2.930747554400233,4.7684923376299,1.4066526049513959,1,versicolor
6.04349720395029,2.9528352830433673,4.686388240463041,1.2811962557126306,1,versicolor
6.090790363205404,2.9233853614795122,4.714625866763588,1.4485177575581125,1,versicolor
6.1240082071580675,2.9043811492120124,4.62128679626768,1.355384395451176,1,versicolor
6.106561468488385,2.926262058456479,4.658827136748412,1.3752597181190829,1,versicolor
6.118072722435652,2.82390727556201,4.622452416676475,1.390379320933307,1,versicolor
6.109463459630374,2.880529094914303,4.608703825417027,1.4004066266857027,1,versicolor
6.046912002005764,2.9253753933058557,4.69549885178556,1.4099624625049372,1,versicolor
6.124886691950418,2.8786587414037603,4.732250359961297,1.4487263896661764,1,versicolor
6.115210335760115,2.9521528879891967,4.674702333753818,1.4357782536108323,1,versicolor
6.110171554597373,2.8604536740119344,4.696417784687293,1.378537116677162,1,versicolor
5.577655971537977,2.902962471989734,3.6415748203811757,1.2869593920086793,1,versicolor
5.604474844232906,2.8414059600579598,3.6037667839653604,1.3452284514400705,1,versicolor
5.631619754933787,2.9183412979223085,3.5786903911874943,1.2609398988579013,1,versicolor
5.595829905777255,2.8465502737069435,3.550676415997479,1.3368710492368767,1,versicolor
5.563214042499009,2.9706786585315315,3.542949268399415,1.3165825861455882,1,versicolor
5.5531382552193,2.906459476927495,3.558342878780662,1.301160636376886,1,versicolor
5.5933563033911415,2.8816598451607796,3.61982111343735,1.3593217803334436,1,versicolor
5.5761208642180256,2.9345816065394295,3.602893343499984,1.2983501360694754,1,versicolor
5.6864175998680935,2.813546075057915,3.572569291620148,1.227809560656994,1,versicolor
5.587119133976052,2.8904601992751084,3.7505270670606783,1.3132626335223117,1,versicolor
5.670673586303723,2.9509832075333704,3.5820854801930864,1.318522627044157,1,versicolor
5.665671324855251,2.9064011255543694,3.6078120989893603,1.319457928161757,1,versicolor
5.539923125145085,2.867345146069815,3.6128688206335555,1.321148796737598,1,versicolor
5.5631169386060835,2.886706950929548,3.594648121420842,1.293510055864398,1,versicolor
5.626987024186084,2.903716578235582,3.6060702610932833,1.2434051728404514,1,versicolor
5.557722538018056,2.912224423761653,3.536256949025651,1.3101438616363417,1,versicolor
5.573238500611924,2.867231976914805,3.625109604041742,1.2725765476927833,1,versicolor
5.565366510690456,2.872602811858689,3.6016595157843994,1.4083720080876083,1,versicolor
5.515265435034389,2.8985547523394577,3.589728658061557,1.3370804972629786,1,versicolor
5.584582327981782,2.801185615256684,3.6518751175333835,1.2559396872838515,1,versicolor
5.596824968070578,2.8448641754311272,3.5556869665294926,1.2794433877933806,1,versicolor
5.633200943215262,2.9326094830691796,3.5753625605661044,1.3190410133037813,1,versicolor
5.5842882699424825,2.9035226505829286,3.6051996996159734,1.3236768162192902,1,versicolor
5.574579595903592,2.893763125749797,3.6076538188496934,1.3025712703734524,1,versicolor
5.567292680989157,2.967381970612801,3.5806286833768053,1.329034928242443,1,versicolor
5.607027698668688,2.9474612948223915,3.5121140924430185,1.3804091045676972,1,versicolor
6.690419860802905,3.049937151423182,4.404005484233176,1.488574916527506,1,versicolor
6.71896115503015,3.0499121090225274,4.380451449312023,1.4519153330971644,1,versicolor
6.643039415733539,3.0916619846360884,4.387121054345996,1.484944983823813,1,versicolor
6.687212096375081,3.1510174586610518,4.371875886445141,1.366867988538664,1,versicolor
6.7387076237597,3.123538018426173,4.3301087210487,1.4242112654194503,1,versicolor
6.7243310395948015,3.074385163425169,4.407522915951554,1.4094636988822655,1,versicolor
6.679444582200071,3.075516732587371,4.372085850130215,1.3879527595388779,1,versicolor
6.645924460132651,3.0970391942922233,4.339336617269219,1.4016910619445127,1,versicolor
6.695348615387631,3.0575636219114695,4.432565540951823,1.4756199726754406,1,versicolor
6.751325008660428,3.044424220880221,4.44926181539631,1.407362477972231,1,versicolor
6.6965796644001125,3.075022311408138,4.398397265624227,1.4538076300979423,1,versicolor
6.7202740787842545,3.0822155497169876,4.372057208461832,1.3821273703561985,1,versicolor
6.721935157820975,3.172747383055189,4.356655731636398,1.3985616885631298,1,versicolor
6.683352398137534,3.0687510298752927,4.414432604237925,1.4205122857727768,1,versicolor
6.642385773856764,3.057536197543535,4.446030897932675,1.4112197050259696,1,versicolor
6.719327958996842,3.0787439319811094,4.383545280321973,1.4168244577064522,1,versicolor
6.678915617800668,3.0546232252231698,4.398639285926026,1.4345171194246082,1,versicolor
6.65777350670164,3.140534653395665,4.426448934511033,1.364422793545536,1,versicolor
6.698922204538485,3.0969737857200728,4.423743312531159,1.4250402775566808,1,versicolor
6.647016739460965,3.0452238786092294,4.439416959726786,1.4031161359042366,1,versicolor
6.715163340182929,3.1118630838559223,4.459305066474365,1.3508349179313466,1,versicolor
6.741787647230642,3.0662158985600305,4.42745259418637,1.4517318815519134,1,versicolor
6.643888045134065,3.114589591436189,4.38765976157067,1.387137782529249,1,versicolor
6.700325392612981,3.0570122045682266,4.360502433994144,1.4246604420988431,1,versicolor
6.73208046579108,3.0761741753466043,4.341058114724109,1.490259753129164,1,versicolor
6.74212229974592,3.112861588250398,4.357902457876552,1.3756037489571973,1,versicolor
5.608228228568897,2.9606744252351933,4.561989864672437,1.504041670099631,1,versicolor
5.614160800352837,2.957975788738677,4.462784336027115,1.4674934649219582,1,versicolor
5.609549692665453,2.988154970991237,4.487229346293838,1.5110802092542395,1,versicolor
5.607527303152659,3.0571781687873516,4.49087115479538,1.4586812356907308,1,versicolor
5.598176243547114,3.0563503555771074,4.4768124312165645,1.500565026972601,1,versicolor
5.584546623464052,3.0146008734485035,4.50876811050521,1.4667057811112987,1,versicolor
5.589661735351031,3.035730184242122,4.541781699927073,1.5349858379390973,1,versicolor
5.632622029941994,2.9855525004060035,4.484340156032545,1.5352370992762039,1,versicolor
5.55253632181978,2.996392239749948,4.425620135390725,1.4837473511905666,1,versicolor
5.570899894215124,2.9512802372260705,4.521462757599652,1.4697553571946675,1,versicolor
5.584234259741291,2.988549951592725,4.469739055304419,1.554594276453165,1,versicolor
5.579268476885611,3.00642665753462,4.447351247678417,1.4800908146131206,1,versicolor
5.5859783419731865,2.9866319804285104,4.475735221160852,1.5043295271437696,1,versicolor
5.659947225070711,2.9934917778235572,4.493234252253562,1.4833698749912747,1,versicolor
5.698346368940846,3.0620934007903613,4.5205945761518835,1.526384843565034,1,versicolor
5.570828253200988,2.9927182622925366,4.506993738436662,1.5034201438398227,1,versicolor
5.565098793216251,2.9681169881654923,4.518976353306776,1.5110044032098486,1,versicolor
5.516006919177704,3.0023663897657777,4.548650306781378,1.4734240589855414,1,versicolor
5.608177724946652,2.941668969401901,4.531427811717748,1.4550133980235016,1,versicolor
5.549646406973614,2.9863249240516754,4.5917574512083394,1.47479819592536,1,versicolor
5.5492449323853625,3.0168822624439215,4.507761277307207,1.5638149700139685,1,versicolor
5.5490141813213905,2.9362495352117954,4.486407655679505,1.5136279871470302,1,versicolor
5.6127905033136845,3.041331137192626,4.440190947261843,1.466426455503083,1,versicolor
5.593623153288088,3.0317172636723506,4.5174565265374245,1.4822558338162897,1,versicolor
5.558749979640024,3.0334025733979466,4.536036719313626,1.6052073326122924,1,versicolor
5.591826164410862,3.0624783394101494,4.451368775724861,1.477488135754739,1,versicolor
5.772256476145088,2.680628683384063,4.064459951929636,0.9775023432470241,1,versicolor
5.796672231159126,2.681167555819174,4.1246879587772565,0.9955323844496746,1,versicolor
5.7987519426368275,2.7565789046881775,4.111165377180351,1.0048802373981307,1,versicolor
5.798065589732327,2.7012717974053726,4.121292554294395,0.9673879049047036,1,versicolor
5.843696271296942,2.760414301417922,4.144036437969493,0.9795547224284268,1,versicolor
5.736403485687924,2.681703310966731,4.104852085413379,1.0312783422390905,1,versicolor
5.791679267713198,2.68693862711224,4.1584300352220325,0.9725807788353151,1,versicolor
5.840589851809598,2.7342961934767502,4.046720074994276,1.0097387151413217,1,versicolor
5.776998943051301,2.6616670911062377,4.0263283880469425,0.9374353759629783,1,versicolor
5.815077352114798,2.683616275626795,4.109536266860137,0.9571833509000672,1,versicolor
5.786272296843732,2.688191042611753,4.0382991665273495,0.9336934777583495,1,versicolor
5.816088648031495,2.70461099702121,4.062276093778781,0.9948623317210656,1,versicolor
5.824797094054304,2.7705943354794336,4.0640494139893315,1.0230030775019257,1,versicolor
5.881844187083319,2.701426324559874,4.156334013697156,0.8974941660968025,1,versicolor
5.855617713689123,2.6984302866595966,4.025284235889658,1.0293906728959084,1,versicolor
5.839969058891018,2.7462056573530473,4.145851738953961,0.9976631642337406,1,versicolor
5.769508870134389,2.680758176024633,4.09746936684172,1.0147489516622454,1,versicolor
5.7799630052954365,2.7007389732658713,4.1332174420245265,1.0115885716609674,1,versicolor
5.888801702032172,2.7834498718380583,4.0538026874450965,0.9765641785633804,1,versicolor
5.747471360774643,2.653141695802195,4.120256882671891,0.9598899777664497,1,versicolor
5.757738712616684,2.68823671274083,4.130259090647872,0.9848860774036154,1,versicolor
5.784806277136752,2.734890830015497,4.117359760034997,1.0167442638615463,1,versicolor
5.83606043724585,2.659079812511809,4.107291842335844,0.9739316810654509,1,versicolor
5.839162039889133,2.730881294751048,4.057798513176331,1.0513984523861999,1,versicolor
5.752915886417921,2.744812294524129,4.106890014644038,0.9645688260443366,1,versicolor
5.7548583074453745,2.6868599815736576,4.097881451905077,0.9708884987924493,1,versicolor
6.220966714559281,2.1437421729545436,4.498537428436742,1.4988526156881044,1,versicolor
6.125198050059082,2.210995033423064,4.449113703871773,1.4005350379717487,1,versicolor
6.174658329509878,2.1898115292661307,4.534406767592359,1.4796671064796303,1,versicolor
6.256815024866884,2.255451095874509,4.541843868828295,1.5509257689331912,1,versicolor
6.212604411301946,2.176865591353514,4.524338433917951,1.5369296318089143,1,versicolor
6.208211451993448,2.189143768087767,4.437006760442896,1.5254413122800567,1,versicolor
6.212661565046468,2.147486221405933,4.50271891238998,1.5272805340782118,1,versicolor
6.194489718622232,2.229693092788086,4.528545104941227,1.4405552943928992,1,versicolor
6.186911325251623,2.2179069267447646,4.534948950888745,1.5544218144283184,1,versicolor
6.123114863563404,2.196175380048337,4.527033217576819,1.5471007011849554,1,versicolor
6.265390175837134,2.1618921031050142,4.484077190267294,1.4571854155826232,1,versicolor
6.231085690446928,2.146513263043693,4.545532390874505,1.53576646209761,1,versicolor
6.218032142625879,2.113033787905928,4.472025613805317,1.5283690424421588,1,versicolor
6.1428096509589425,2.1893103922680233,4.494656724171808,1.5339359121788492,1,versicolor
6.209942205352066,2.2096208657412353,4.48137935508472,1.498984196762607,1,versicolor
6.193465067514654,2.2275367668775234,4.491678810198827,1.5396033503905828,1,versicolor
6.131664055327406,2.2461937966708474,4.492031857419647,1.543337439412423,1,versicolor
6.202055033007295,2.2325225278546355,4.557784660531327,1.4768444252117545,1,versicolor
6.2019012589881095,2.1920190526972747,4.506965724120547,1.4347295530991269,1,versicolor
6.191962223727066,2.188876384038792,4.46765013325051,1.4910301904856926,1,versicolor
6.137754966258569,2.25397045536589,4.5163781959831235,1.5731674455569937,1,versicolor
6.1641651307997565,2.1525804137498925,4.509848830070587,1.4327698210709277,1,versicolor
6.207616767446198,2.1708951555004314,4.485457141872345,1.5087037724199572,1,versicolor
6.200469171018309,2.272236006848283,4.523622866623853,1.4475880670728316,1,versicolor
6.237370268127931,2.145701156865124,4.502040183644366,1.4493248187117775,1,versicolor
6.165887476146688,2.250530191492066,4.47658056974407,1.4731284252770165,1,versicolor
5.576362819460433,2.4862203038122317,3.955531017342296,1.0519516197683836,1,versicolor
5.549668479430347,2.5214301991133325,3.8354755391873003,1.0840435885863762,1,versicolor
5.643204343014268,2.4985226204932904,3.879494384429769,1.0703783066576815,1,versicolor
5.562200215371251,2.4750552779063626,3.9037654487790636,1.1475142975113932,1,versicolor
5.636517673464718,2.4759732071203877,3.8693933497805473,1.125750976339485,1,versicolor
5.5265092387001005,2.480881453167502,3.885359940288408,1.0542819630239935,1,versicolor
5.558821656169625,2.511855848387009,3.832716126989693,1.0619158504508168,1,versicolor
5.572393120787552,2.501189268201384,3.843757080277385,1.1408124951368184,1,versicolor
5.585686022323144,2.487546384233138,3.8834728062533195,1.0711600186750405,1,versicolor
5.558989922133492,2.543012905266258,3.905671195183562,1.0932813163246264,1,versicolor
5.636877138428881,2.4694705624343456,3.922372096471866,1.0983679782643176,1,versicolor
5.562355141124759,2.5274082342486226,3.8384207517573246,1.1230548340912376,1,versicolor
5.562453431679619,2.5134402273785788,3.951736059968068,1.1196454719831253,1,versicolor
5.573479614610368,2.49605935593442,3.8826694674126028,1.050901157901118,1,versicolor
5.553480397410519,2.498782633767795,3.918202167156267,1.027485095762813,1,versicolor
5.594118763654615,2.5168835577028257,3.9012054769396878,1.0573679903565099,1,versicolor
5.637579587840741,2.448915731293516,3.9222660806440426,1.1597482421390166,1,versicolor
5.516381948527,2.5067956456239333,3.9089773788899884,1.1055153405273217,1,versicolor
5.566393497101665,2.4842932838962586,3.84159222855042,1.101708739419229,1,versicolor
5.617611505589295,2.4703056497630107,3.8600584509678604,1.077836429148751,1,versicolor
5.596071230175411,2.4987699643251453,3.8922751975952137,1.0990363335951758,1,versicolor
5.5448363496587625,2.389080002004441,3.9205215557674364,1.1521176596451794,1,versicolor
5.540624824251818,2.4701038191273543,3.9080185375069547,1.1336486088376083,1,versicolor
5.621661644752697,2.54636272664694,3.8940666548681775,1.112427416486673,1,versicolor
5.612315814890986,2.479213672454964,3.943306265004052,1.1206014312575818,1,versicolor
5.634517688229984,2.480833713359504,3.936536644545552,1.0547933542974397,1,versicolor
5.911538980931805,3.0936347254203067,4.756522049068435,1.8249531182335035,1,versicolor
5.878414196139807,3.2028637966873332,4.732504332157511,1.8566867097331576,1,versicolor
5.9193979355798465,3.1950219499488206,4.812317639801509,1.8088732339832212,1,versicolor
5.951456890809462,3.2044185612071323,4.738395136621283,1.7860080860588932,1,versicolor
5.9462724280619925,3.2183047301714853,4.779545861229827,1.8198960609653345,1,versicolor
5.900572120434194,3.2198670267550784,4.733921146470296,1.7608757592655973,1,versicolor
5.922084017108234,3.1872931537592573,4.8097707859135985,1.872648905805369,1,versicolor
5.883818454495299,3.2054614519881732,4.774218079135037,1.7715676399533618,1,versicolor
5.893088493992036,3.1391925647603425,4.7137138339290665,1.8494038787822384,1,versicolor
5.891963654223653,3.239953204869715,4.800794375405091,1.8018410640885298,1,versicolor
5.922232626711927,3.2240942486070834,4.748977265675646,1.8432433704257063,1,versicolor
5.858078163100733,3.2039721260390923,4.895925184901961,1.7991665205242087,1,versicolor
5.961189177185066,3.18245408981808,4.820037765779635,1.7980425216599756,1,versicolor
5.9123675551242245,3.1626343235317904,4.760169007276974,1.8091607104125647,1,versicolor
5.834984251803039,3.1630736936022963,4.821128993044587,1.772017081936422,1,versicolor
5.861343943980726,3.1527758869870017,4.801808613919961,1.7818453543957415,1,versicolor
5.901916535370951,3.1887189569056935,4.868358744467021,1.7790219129335574,1,versicolor
5.819613518131999,3.200613288415834,4.796163208257731,1.8021759842784806,1,versicolor
5.833406901083416,3.2402624976590304,4.794853538569922,1.7944051727112464,1,versicolor
5.834324100980023,3.2145439229462136,4.79352725336631,1.8487728866309907,1,versicolor
5.879873831116188,3.1479078741643076,4.801091684022614,1.7604788531487616,1,versicolor
5.9122716343374115,3.153887066433241,4.7910547867852165,1.7872522118329162,1,versicolor
5.894752152521041,3.176055368843059,4.764508171836464,1.7937692374515264,1,versicolor
5.873520391892399,3.2020247607951045,4.785499359869954,1.708707201257398,1,versicolor
5.893675847537173,3.2500888073973995,4.80787055919909,1.8193556284994448,1,versicolor
5.913783734553822,3.177860465543074,4.744299023100111,1.827509542280039,1,versicolor
6.137008805917464,2.8180658582919915,4.01254640432532,1.311397183922721,1,versicolor
6.095008829494751,2.8067118091441103,3.996556704668933,1.3087255448008261,1,versicolor
6.0595048425959215,2.7717308620096657,4.01810053394419,1.2829989068512824,1,versicolor
6.002580174819931,2.800935995025696,3.9077796970117578,1.3699585682056992,1,versicolor
6.123914027810865,2.822087407020566,3.970530169207828,1.2526639335847802,1,versicolor
6.087992984835522,2.7969524077796746,3.9665053860561867,1.3023069052740508,1,versicolor
6.122681155680784,2.819320187994637,3.9562504318941945,1.2129992848346323,1,versicolor
6.096396068189137,2.7709362331489045,4.013466754624516,1.3593998531569471,1,versicolor
6.15936450876221,2.8073509226040043,4.03894105781694,1.359491036262198,1,versicolor
6.098169167309504,2.8068622775124066,4.029133760343858,1.2950859474103318,1,versicolor
6.077335634493591,2.7677427193332607,3.9967719495050975,1.2727376845068443,1,versicolor
6.127126544379909,2.783823524099318,4.052659463075981,1.34299323710451,1,versicolor
6.0492241977873835,2.8380332212271457,3.981295573151066,1.3491576670937568,1,versicolor
6.116383510359684,2.7950432165820422,4.02251160880054,1.2755474682201586,1,versicolor
6.109438244839705,2.8116008675360726,3.991301655156545,1.3117246996126948,1,versicolor
6.058823500919006,2.8182792858432015,3.9508081281034126,1.3208150291685676,1,versicolor
6.115084147257891,2.8241389983741017,3.9758874325104947,1.4128870489346876,1,versicolor
6.088584340606543,2.803045707525531,3.9685598600640186,1.35182791384435,1,versicolor
6.079449940667292,2.8352426187217334,3.961486445481313,1.3092966030213637,1,versicolor
6.083406507607337,2.8329764911633526,3.986523278019583,1.2647979826170717,1,versicolor
6.114835884198828,2.7523341627672955,3.961341078634971,1.326921750777799,1,versicolor
6.026683479620861,2.8266489841699216,3.9826208936053074,1.2631174099751519,1,versicolor
6.107168911308421,2.821911583325114,3.9757947704618246,1.2913178224680715,1,versicolor
6.128383709076001,2.8266173557467744,3.996162843146643,1.2689483662723222,1,versicolor
6.062320439406907,2.7756228884558976,4.023957895886406,1.3201247452594,1,versicolor
6.109805835856443,2.8510087923803833,3.987017279261553,1.2840291579192833,1,versicolor
6.283862884942879,2.570741404051224,4.820704628824397,1.5095158126299197,1,versicolor
6.315427223847795,2.5009393482419875,4.9868692171201365,1.542918035868834,1,versicolor
6.3278279228134915,2.464810423760632,4.917573043195286,1.4847605181975227,1,versicolor
6.300505446506089,2.5064427877110607,4.880715445787634,1.5227952444806678,1,versicolor
6.360452328218403,2.5380702833856286,4.907190564336246,1.42621596834767,1,versicolor
6.3400618138124125,2.5397452701545755,4.891880959714726,1.4812023766216618,1,versicolor
6.324029316555816,2.4687661662718328,4.929274477175952,1.4586475683574285,1,versicolor
6.264669130640616,2.4999693068873627,4.844564651006392,1.4994811023124242,1,versicolor
6.319450860727997,2.4499525254096923,4.93430648512351,1.478373184974291,1,versicolor
6.320142123828416,2.507558965495965,4.882391784320054,1.4798884016265206,1,versicolor
6.235431879761156,2.473421664868602,4.870637680409715,1.5613416082147282,1,versicolor
6.337873195974577,2.4481855795426495,4.929737972297065,1.5080132099274115,1,versicolor
6.285403229375323,2.5170392635340404,4.92940182306386,1.4783449212843396,1,versicolor
6.289418050790654,2.505955878118317,4.862806690617938,1.5066832818011737,1,versicolor
6.296735303914774,2.4742829604351506,4.868241017264865,1.5112490160010397,1,versicolor
6.332632698861094,2.5122133992286555,4.867771328319054,1.527894541655222,1,versicolor
6.306215309706584,2.5220339726852794,4.943442576991045,1.4660353386518457,1,versicolor
6.294626220534657,2.4774903185790924,4.8671366798600735,1.5749115335173889,1,versicolor
6.335030087974978,2.433758352601306,4.915846733985245,1.4790907274284346,1,versicolor
6.342861123028079,2.5030366223915705,4.893386630342196,1.5052497907919362,1,versicolor
6.314276918230551,2.501048695447901,4.891713092362806,1.494768165602111,1,versicolor
6.319051818272724,2.4577312981098234,4.899868544813916,1.495458043248206,1,versicolor
6.28177704758878,2.527481391011374,4.8517159186414744,1.4862947145267462,1,versicolor
6.268101647370583,2.5203319282886953,4.882469660895945,1.5017863612825424,1,versicolor
6.314346063358042,2.4402782930908877,4.916862124594047,1.4720166065102378,1,versicolor
6.290456950265198,2.4957672432277036,4.930187425119781,1.527555034605728,1,versicolor
6.165949365642949,2.806590228237941,4.6821755252969375,1.1812026364774482,1,versicolor
6.124404634530618,2.859863055397367,4.712724735382296,1.1784561164773728,1,versicolor
6.110245063181624,2.8095495703559363,4.701213883458057,1.1722453950894243,1,versicolor
6.00517429281157,2.779946085954045,4.739327912585985,1.2079368747876378,1,versicolor
6.017498242172757,2.800185844474601,4.630996581062907,1.2743254889703592,1,versicolor
6.107114090087384,2.755049009504836,4.729804144275909,1.1707749171013346,1,versicolor
6.120975463365609,2.800808579081343,4.655924861258279,1.2248404928056758,1,versicolor
6.049969679815335,2.8500727010151614,4.702260281143888,1.1615665827669437,1,versicolor
6.032279980958715,2.860370517681446,4.754213222280865,1.1530434606944067,1,versicolor
6.1615002984799965,2.80624313581522,4.691734913193723,1.1967518021528474,1,versicolor
6.08996948855244,2.8534561111827745,4.70560896354288,1.1311744877959284,1,versicolor
6.178188889966564,2.8329410363296006,4.659328481174731,1.1866867104770842,1,versicolor
6.06621347535153,2.801740842541708,4.7147272829027225,1.2088960824961457,1,versicolor
6.077650079297915,2.7701062633876035,4.731639465578107,1.196244175786558,1,versicolor
6.1840712119755405,2.7698483127014155,4.729453208535101,1.201826459026931,1,versicolor
6.071608984937274,2.8508904572397404,4.704615271954534,1.1666105739621362,1,versicolor
6.088082595477463,2.8380088366871625,4.654239026336244,1.2515092596418302,1,versicolor
6.1255963730414456,2.789595193743269,4.750698784171037,1.2653611646022822,1,versicolor
6.122383612012216,2.8063772901527764,4.7690547327983195,1.2559112738135825,1,versicolor
6.065327204758841,2.79226389762281,4.691946390506361,1.1846268993488087,1,versicolor
6.043957336371725,2.833771892814203,4.7031353026160225,1.2036994953903537,1,versicolor
6.152757024849183,2.778825863311589,4.697866515550099,1.2102663965525133,1,versicolor
6.0837882900919285,2.795836979773166,4.728739911791685,1.1996760977909644,1,versicolor
6.149935523969083,2.7718282748037617,4.707571439798469,1.1464403652649895,1,versicolor
6.0955619292178955,2.7736284671500813,4.751152475606556,1.2279608289688233,1,versicolor
6.119123732042573,2.8693331667515602,4.754250116415841,1.227004249262254,1,versicolor
6.374054907683926,2.845621273065773,4.298881652631474,1.2866217452797089,1,versicolor
6.37565663346964,2.8890687046593957,4.237735525550219,1.3561257145514938,1,versicolor
6.357054119735673,2.874693430582322,4.321467305923006,1.238661061539442,1,versicolor
6.434715295178629,2.9353550258328913,4.288215145444526,1.2593514225553253,1,versicolor
6.382130979231959,2.830190345885485,4.352377629050139,1.302046620949693,1,versicolor
6.3722074759777545,2.865736413795924,4.32166217322261,1.3567694162716395,1,versicolor
6.351886381579475,2.8782862682790165,4.233548570369578,1.325541479123847,1,versicolor
6.405916540282469,2.9854043048269134,4.295369346397504,1.2835223096505561,1,versicolor
6.373175248908071,2.93227400858942,4.238379755183767,1.328399725018262,1,versicolor
6.409341511332236,2.8808662675178303,4.265827437593849,1.3399362057634447,1,versicolor
6.470504278293834,2.883112550830612,4.320056037592358,1.3660280954714972,1,versicolor
6.376500710583088,2.890452330938349,4.253746856107582,1.2943963522301223,1,versicolor
6.396908185039626,2.884129895774178,4.271956034971059,1.239923269404514,1,versicolor
6.3489509645654,2.8629115963500436,4.324345308336307,1.280666551082412,1,versicolor
6.36764973919073,2.9249310934903137,4.321379442407375,1.2713300821638907,1,versicolor
6.376185768157665,2.9251130885551597,4.3138783876951505,1.2682153416172348,1,versicolor
6.4091486214348725,2.8988814137512073,4.342385249875768,1.2669783769455123,1,versicolor
6.43360988202879,2.9164541631598415,4.261585054252484,1.3401560359004274,1,versicolor
6.434639148399319,2.84974101311159,4.375546872596512,1.256290284176857,1,versicolor
6.3649550165032025,2.8876958062074833,4.329391026890593,1.3222432817163436,1,versicolor
6.396384306394125,2.9521759419015243,4.3154662324090465,1.353324519513751,1,versicolor
6.507730422367783,2.9073974782199343,4.201475836821904,1.2826776144521648,1,versicolor
6.3587944356255095,2.9035295185553895,4.303743007026774,1.2529610468769106,1,versicolor
6.3557573691767635,2.8898722685715934,4.292452965622215,1.199944818572001,1,versicolor
6.437404442498383,2.9011915183462276,4.29961594672781,1.3114244526313077,1,versicolor
6.360565691599329,2.898041186068996,4.340018096269093,1.3415386180048088,1,versicolor
6.617824873305064,2.9892200470788954,4.368264562188064,1.451022860688279,1,versicolor
6.620279506133738,2.9836277180898816,4.315926627824341,1.3662880252194078,1,versicolor
6.52519500165487,3.048352267027974,4.407308856708868,1.3710616733265772,1,versicolor
6.589237862830744,3.1010316322649585,4.447326843662073,1.3476514123048,1,versicolor
6.59489956063041,2.952006173134882,4.332738975221046,1.406795621800153,1,versicolor
6.69432813865251,3.0610099554496744,4.401707052267231,1.38528113404138,1,versicolor
6.60788232003233,3.0405034871399685,4.342754207970346,1.3267302594292618,1,versicolor
6.673765645975364,3.0109895600672156,4.4630500147909,1.4093317050260519,1,versicolor
6.658042214713238,2.975967950684236,4.419572266514038,1.4610592394114843,1,versicolor
6.640193099662644,2.981878017664094,4.435248146609615,1.3737936206503434,1,versicolor
6.543764017567103,3.0206483272629554,4.455235179698427,1.4335451932441379,1,versicolor
6.550301861576521,3.0343447920252324,4.4268510223919,1.3818127411236492,1,versicolor
6.501650189451864,3.040179077829041,4.435090176668375,1.4196882437090919,1,versicolor
6.531426375855069,2.9409745342819336,4.440117696072922,1.4318302704515462,1,versicolor
6.619602942609387,2.9902092870156896,4.4156308766588435,1.3784949815447114,1,versicolor
6.587595952073814,2.9655651720823655,4.4102436228213175,1.3833821539981048,1,versicolor
6.63783295621053,3.0286232527283588,4.367701459365809,1.473051087461878,1,versicolor
6.555349875544087,3.017912167060008,4.443116864595135,1.4510091243535794,1,versicolor
6.512123480759788,3.0398720491510858,4.448597812849851,1.4573296786378926,1,versicolor
6.511325139522241,2.9730232515537347,4.3960606793767045,1.3822153222477085,1,versicolor
6.65348927352209,2.9729145389232885,4.449030948849257,1.4224056194710504,1,versicolor
6.541944843440548,2.960395666311355,4.3812635592306,1.4038643426473443,1,versicolor
6.639681666261408,2.9927054451392507,4.436332196719544,1.3370771526245533,1,versicolor
6.478076679719524,2.986521801685506,4.418336007014759,1.3855535039373252,1,versicolor
6.559617581217745,3.016892773748728,4.4773178293908655,1.395863782275147,1,versicolor
6.5709596444419605,2.9661824549403084,4.478640752530201,1.3983874357533899,1,versicolor
6.824486936467042,2.8488002674496347,4.843087127503177,1.3631218645469025,1,versicolor
6.838241213836782,2.8337534688803876,4.819569583200012,1.440384583602057,1,versicolor
6.777549074337441,2.7970267168228062,4.779011746815035,1.4303324567328357,1,versicolor
6.7738765245174575,2.815733309830553,4.756239086796464,1.3951200613432524,1,versicolor
6.785527089509308,2.7954310773119424,4.805316128861491,1.3926452543872416,1,versicolor
6.791221525700911,2.717189567140118,4.844211304170127,1.3750694851594576,1,versicolor
6.790210156782037,2.766906514917711,4.839968293590107,1.3638276951829507,1,versicolor
6.820172936875845,2.8471322911822727,4.865820111624882,1.4475283827435015,1,versicolor
6.824782551908892,2.752115766366558,4.851631098708742,1.4475483063469856,1,versicolor
6.83356417007997,2.8321750145840974,4.8031714478013035,1.3795498647162103,1,versicolor
6.84334034830041,2.8510399900173637,4.758719476801903,1.4367263207092367,1,versicolor
6.81007616962195,2.835674373813643,4.811266508527778,1.4446862604213955,1,versicolor
6.841268605315634,2.835785848034123,4.745446115551998,1.4332883934110936,1,versicolor
6.802464725542036,2.7556235746475717,4.828701506867681,1.3460633366230244,1,versicolor
6.836215355890705,2.8680440144145662,4.780609772257481,1.4372513395990079,1,versicolor
6.818625437977551,2.8265729443366516,4.7469615934441824,1.424974825082583,1,versicolor
6.806093256122794,2.830185460997196,4.801163517833467,1.444375427037352,1,versicolor
6.811766239991062,2.8278765800780787,4.855262195808872,1.408186158311709,1,versicolor
6.840411249386996,2.81002293802332,4.82172708262078,1.3801824262235127,1,versicolor
6.831789350012372,2.849665663400553,4.797879634141946,1.4325555199362863,1,versicolor
6.818109662294169,2.757462350161594,4.815139641493769,1.453340241730245,1,versicolor
6.782031992008913,2.730870792696899,4.809328512821397,1.3758787741258172,1,versicolor
6.876160603558472,2.799677606329127,4.801116534724109,1.376525027533936,1,versicolor
6.811175649932618,2.7791105111366674,4.765802781774417,1.3988966362946518,1,versicolor
6.769453337552519,2.853260999484647,4.755479028477503,1.3984937696701887,1,versicolor
6.774305367421667,2.7471175368445127,4.866747491910919,1.3187837435159737,1,versicolor
6.758532829491841,2.94593547577636,5.00494568651569,1.7902779248123641,1,versicolor
6.617851639193511,2.9475301047014604,5.052902796420067,1.7082023448047559,1,versicolor
6.67997206815732,3.0001536617462916,4.963560749689697,1.706211294420914,1,versicolor
6.7600266213484055,2.9864058536631024,5.006870509526313,1.7486051076090974,1,versicolor
6.779365214454186,2.9783560896891936,5.013204322293193,1.6793483335482877,1,versicolor
6.676144486687472,2.985725754688018,4.976616777435376,1.6335614443306552,1,versicolor
6.623398529698021,2.9727721083362657,5.006593831836483,1.7490240604373615,1,versicolor
6.680628805659781,2.994857797582947,5.027311816088973,1.730424654096592,1,versicolor
6.696922101324083,2.9993280813506695,5.0748080141326115,1.6883081536733417,1,versicolor
6.682217183593369,2.9377008603912187,5.01838323934156,1.6910841143158661,1,versicolor
6.776220754677757,2.988295973097214,5.033221059506223,1.7379638862942548,1,versicolor
6.765951132368995,2.95009498273588,5.062712107624498,1.7019336112741041,1,versicolor
6.697326360760442,2.98926296935358,4.985950076598493,1.6879395912568083,1,versicolor
6.610071032274046,3.021383109224466,5.003858488927959,1.6641972253118837,1,versicolor
6.698911534120311,3.0913348748078358,5.016283202137421,1.6862334246884247,1,versicolor
6.768300183948321,2.970276462608063,4.99538580995067,1.6797692358251797,1,versicolor
6.692139344339295,3.02997720067782,5.0240718982846335,1.6728157712505294,1,versicolor
6.696325784380168,3.004698915179184,4.985402723107306,1.6999317977990027,1,versicolor
6.673193214380899,2.9726449129748165,5.003070083387999,1.6610384793648079,1,versicolor
6.717635080735742,2.993756518234137,4.965358894771193,1.6774009325199168,1,versicolor
6.682640613483276,2.995038747312378,5.005709637131533,1.6931343074989815,1,versicolor
6.667438371376392,3.057016260102793,5.0364840249312275,1.705555088868031,1,versicolor
6.738271346831862,3.013960313764221,4.991170311897448,1.704546015243384,1,versicolor
6.804859018984578,3.0398155053524514,5.041721863962197,1.6858787845541754,1,versicolor
6.724536918285734,3.0889601430202545,5.017781660678448,1.742888829773301,1,versicolor
6.750045153605338,3.026188742660032,5.0623749974092895,1.7101247129706711,1,versicolor
6.020480370011996,2.876812119839061,4.603610734455865,1.5129799605211292,1,versicolor
6.005467110094055,2.9550617032000726,4.482260571135766,1.5009513080717827,1,versicolor
5.970824627256827,2.9020017585602185,4.486085393764932,1.5221687541444087,1,versicolor
5.996218943994672,2.8779337744889286,4.4897224871043395,1.496509457426591,1,versicolor
5.981276378110928,2.9374251027463334,4.527146920274456,1.5067394262900902,1,versicolor
5.955048044138088,2.9211225198068744,4.451632282275494,1.5082673066325036,1,versicolor
6.002935849744388,2.878283431228886,4.468992218910861,1.4741992204236436,1,versicolor
6.0805017555243905,2.8908144127868565,4.493083534032583,1.538165509237767,1,versicolor
6.017284805123304,2.941956371531725,4.453664177578208,1.4590070655633711,1,versicolor
6.12973118953381,2.8994527637424663,4.489885631504928,1.5072940118537654,1,versicolor
6.039356510342921,2.8551409089613378,4.512006825667585,1.499969389111037,1,versicolor
6.027051570690321,2.9077579937465265,4.480566823164404,1.4676331669519704,1,versicolor
5.90708462484216,2.938832540947779,4.444400941537457,1.4855026700152694,1,versicolor
6.065162172251628,2.884933412690297,4.524632596008488,1.4929240382179543,1,versicolor
6.027982031618465,2.902182055675151,4.48144064267656,1.5530772719276587,1,versicolor
5.990806854180208,2.8494982432361144,4.488390273832718,1.5217966904081106,1,versicolor
5.95818071269358,2.9313145960949125,4.530512286577125,1.5826965519047602,1,versicolor
5.976359652282122,2.9264878353344055,4.436808652521155,1.4849376914921344,1,versicolor
6.005068616722834,2.9167056430357556,4.498916125546446,1.4975381827778638,1,versicolor
5.977465983299517,2.883906993240876,4.512778360549373,1.5225107060242837,1,versicolor
6.025621915537892,2.9392733909521573,4.546683471736232,1.4318032194058665,1,versicolor
5.980973123530511,2.8948193957857153,4.476297481637377,1.5412194916902393,1,versicolor
6.029767658114891,2.8969034988051527,4.505670740493073,1.5495366714079817,1,versicolor
5.9876884442503595,2.8889563432752134,4.535808903540919,1.519049942301681,1,versicolor
6.05549135089538,2.9152108599532425,4.529750073607392,1.4801229156536577,1,versicolor
5.964995134860974,2.9006774986702486,4.3992847057882045,1.5166836693295171,1,versicolor
5.738255282066111,2.6039564617826136,3.492577380563827,1.0427120522920525,1,versicolor
5.6994099057618195,2.6386052251897096,3.5850646807803184,1.0287652722139122,1,versicolor
5.736989992016446,2.619959273436357,3.5106686984559383,1.011609225493062,1,versicolor
5.703639618807591,2.6425529977669844,3.4392848613082845,0.9908171896675155,1,versicolor
5.726210704186178,2.5687618348096652,3.4970290282001883,0.9744902832257935,1,versicolor
5.717916671755036,2.634118468861412,3.556671042341959,1.02027507115799,1,versicolor
5.673565061280595,2.6106885968607854,3.5228359615694496,1.055024273633937,1,versicolor
5.619032976711241,2.6152523211357765,3.431182064238447,1.0284045409319358,1,versicolor
5.718072720276485,2.620147708327683,3.534900038409945,1.0157904281672558,1,versicolor
5.676343551529622,2.614489671781156,3.5469367261410234,0.9966219578627941,1,versicolor
5.702130006791713,2.5547205142526868,3.545398454160583,0.9817747613802791,1,versicolor
5.672685023226586,2.5839709249380767,3.468154534691373,0.9914591147358902,1,versicolor
5.749791412058071,2.631360673981224,3.555484933716961,1.0578471904652746,1,versicolor
5.666851971646384,2.619414089207516,3.5583196453772366,1.0887605119120554,1,versicolor
5.6470179470061455,2.5466412776586185,3.5189319706436013,0.9882353305509859,1,versicolor
5.663077346263424,2.6155697434253766,3.4709268602904166,0.91437667819882,1,versicolor
5.700109689825946,2.605770653629162,3.525315109530979,1.036882517728462,1,versicolor
5.707934021985784,2.5919343240271466,3.4755151408981177,0.9380409193525602,1,versicolor
5.684200146407515,2.6390058976780204,3.525795806657158,1.0792654740439094,1,versicolor
5.695095406389527,2.5327741856237305,3.532472789692618,1.0405004901809485,1,versicolor
5.65626845292301,2.5392578631117577,3.5066866394181915,1.0280319134735192,1,versicolor
5.658076898116399,2.587878751498904,3.4711901323539784,0.9556836135586328,1,versicolor
5.650540953699531,2.606142208586558,3.4865665345239436,0.9751592499745971,1,versicolor
5.601154931534801,2.6674998967816532,3.4646946509161576,0.995504648975661,1,versicolor
5.657269565074495,2.61516993701676,3.443064020196139,1.0042571854597047,1,versicolor
5.693472702019334,2.635712886097201,3.4587815554662074,0.9758454038423777,1,versicolor
5.4916273765794426,2.480577302700487,3.7443110332330267,1.1116866260348397,1,versicolor
5.4755451963839885,2.412435913878046,3.8254877920931083,1.1059031793538152,1,versicolor
5.510537076002265,2.411166543577488,3.7780534445767437,1.0922193800682671,1,versicolor
5.437190243261354,2.3868935718422266,3.7710849107576903,1.090699436911359,1,versicolor
5.528531318925629,2.414993480564241,3.8183625272212,1.142513702737487,1,versicolor
5.409338292072216,2.416786439616168,3.79942457745093,1.096591123433878,1,versicolor
5.450439249275847,2.421301030899094,3.8441405512880427,1.139538873170287,1,versicolor
5.497005953742167,2.4246553870068737,3.83547294929411,1.1698616730601323,1,versicolor
5.547092106589105,2.4056671037103867,3.803850195601395,1.106608549932388,1,versicolor
5.5088997141726335,2.381265536125974,3.8296815107217714,1.073792141158386,1,versicolor
5.469609199644746,2.4137421971207975,3.7782921126110653,1.0908573388886231,1,versicolor
5.420916100690334,2.430502406232841,3.799929234338504,1.0952969171156415,1,versicolor
5.517826587121393,2.4081753393277125,3.7734429283601916,1.176677220438113,1,versicolor
5.482935994551092,2.4373201803030615,3.86999591182851,1.0764451784873617,1,versicolor
5.50370581432301,2.368890234521354,3.84020305050291,1.0873411359380842,1,versicolor
5.458126259206458,2.4503691667982435,3.8351428860054817,1.0661931134139278,1,versicolor
5.545271268933533,2.407561622346696,3.903736558667127,1.165568877832743,1,versicolor
5.478912125771756,2.3898063645992464,3.7666074178717928,1.1051669762748635,1,versicolor
5.501880514105187,2.4281669926552403,3.803367680777055,1.0439104438446447,1,versicolor
5.469086824381042,2.454036031090518,3.8441371823276325,1.0938752984561941,1,versicolor
5.494851954595135,2.393604827536478,3.800895032859909,1.035959235011206,1,versicolor
5.534193488066633,2.3749066615134495,3.805631647323633,1.0035250708561092,1,versicolor
5.508957034129085,2.45110691048934,3.7146711823890115,1.1580183572521419,1,versicolor
5.518051565144811,2.3720196383507792,3.7394657828566586,1.144412747741549,1,versicolor
5.509972905572439,2.4226563911934464,3.7896373119670987,1.069565917865221,1,versicolor
5.533251862344586,2.36353840945508,3.834429410353577,1.036173667696291,1,versicolor
5.4646541000372135,2.3445287282325697,3.7500493821886938,0.9330993087536652,1,versicolor
5.456464732562703,2.4252390130031767,3.7087554711400297,1.0837950670406402,1,versicolor
5.5703812304515035,2.4235999228422163,3.726377656975674,0.9302171485182756,1,versicolor
5.466288966160616,2.38744271888549,3.6932045359101404,0.9473992382138708,1,versicolor
5.464382845121383,2.3675982242888542,3.740632562318579,1.0162757347723999,1,versicolor
5.487295386243702,2.3894474669854575,3.7111353600348216,0.973302152828683,1,versicolor
5.4899120384329985,2.334127112611284,3.725612787284132,1.0367604625881819,1,versicolor
5.513847105941635,2.4182576261911115,3.7139603216093047,1.078088103151536,1,versicolor
5.507774375184051,2.349366258121263,3.659858917222215,1.027211340004447,1,versicolor
5.540793249883665,2.4294682481003704,3.7321173543976927,1.007106551384477,1,versicolor
5.442969351487727,2.372803159391097,3.6306359006598026,0.9851080588062909,1,versicolor
5.447713999722001,2.403613033066939,3.693389559408389,0.9252357268776752,1,versicolor
5.5279631472270205,2.429035868672903,3.6465601832964714,1.005393173339067,1,versicolor
5.527343871584876,2.388681966269715,3.732653781010711,1.007041010807066,1,versicolor
5.540968885293741,2.4068974811447776,3.6934147179645485,1.019362572403983,1,versicolor
5.52980937631434,2.4092886890856846,3.682435189149446,0.9693215872447233,1,versicolor
5.485300952575407,2.3776002644797747,3.7074904031913016,1.0061147769767689,1,versicolor
5.496298012035105,2.3994669175672922,3.706154986016176,1.0597749044916305,1,versicolor
5.5458343949149205,2.3773086498232305,3.715725834837358,0.9868248292704921,1,versicolor
5.495720655624624,2.390064541702521,3.6753827709494185,0.9470163122359777,1,versicolor
5.4045880312887205,2.4071313486754287,3.7449586607300156,0.9644781573789019,1,versicolor
5.518871170378328,2.384474212563348,3.7101171712299905,0.968247378314471,1,versicolor
5.490400420767424,2.3950513886894305,3.6076008641704447,1.0076044460372149,1,versicolor
5.493973662816442,2.3035554096297806,3.7243082058460093,0.9979375872934201,1,versicolor
5.507105918238318,2.4131432590876325,3.683118301842885,0.9576518939915131,1,versicolor
5.4819765281258634,2.382653864040304,3.78489891334335,1.0703627643497349,1,versicolor
5.780265244469534,2.683112231542797,3.9115488764601714,1.2209161347060131,1,versicolor
5.772290854833005,2.660329106998635,3.973838003390216,1.2398879280552006,1,versicolor
5.7388765862334985,2.6306542315521186,3.8669933688968943,1.2074898089231951,1,versicolor
5.820164823732466,2.6857479881145743,3.8363331620931116,1.2074224215258658,1,versicolor
5.822251903773425,2.698852912071217,3.879671675081171,1.2211837266241397,1,versicolor
5.796668748237134,2.655357376620539,3.9025065429721493,1.148573717671948,1,versicolor
5.836254827521816,2.7170382557012007,3.8601297506060503,1.2070557378632583,1,versicolor
5.8474319926670715,2.6154552977273937,3.8933752916010365,1.262849444571981,1,versicolor
5.738424112335575,2.6922883176606147,3.8433360533043315,1.196165365477988,1,versicolor
5.7052625405934085,2.6355642725787676,3.877842601726636,1.2041776995185212,1,versicolor
5.813547452354214,2.7153765538328023,3.9436079769570904,1.226034782636197,1,versicolor
5.827607698281927,2.6605495058893833,3.892682570600136,1.3232010335677118,1,versicolor
5.887409508285103,2.73120187444439,3.927726519935343,1.2374697822532332,1,versicolor
5.783003609322748,2.7754961271099594,3.8840938269974945,1.1955899798641119,1,versicolor
5.884081753559504,2.6172523431391532,3.912996622391103,1.1312446741936566,1,versicolor
5.773181780198742,2.6952050502625218,3.884979256423611,1.2056218784208959,1,versicolor
5.768654551847097,2.694739907672643,3.8521616122355136,1.183569484615758,1,versicolor
5.744246852118711,2.724606602114876,3.847865422108834,1.2260950035882403,1,versicolor
5.782507783958921,2.686855995325411,3.9452921693306338,1.2030700747618275,1,versicolor
5.724127966736616,2.7184997092924665,3.784406543054704,1.2093338049659752,1,versicolor
5.782991599312061,2.643578884774801,3.901915980147873,1.1866347700749,1,versicolor
5.878028283356469,2.6814839517691795,3.97555982327746,1.2534740534193318,1,versicolor
5.774648280636222,2.6665205549782023,3.9510458082124846,1.1934164508214982,1,versicolor
5.805128721254223,2.6887230178659616,3.8508844674680214,1.1840436823405636,1,versicolor
5.7607795760748095,2.6381288172177433,3.8871728063138895,1.2695635974305808,1,versicolor
5.86292881847097,2.696349100284257,3.9041874804356924,1.2191550174253485,1,versicolor
6.0527855853595085,2.7114478643985533,5.079846927047492,1.583262577709993,1,versicolor
6.043832719574742,2.8022626245401696,5.073932539906876,1.517283474714317,1,versicolor
6.031031986744936,2.6957669957670753,5.10433899169662,1.648016384342443,1,versicolor
6.001514219862797,2.646048565312275,5.020709405490219,1.5969364437833604,1,versicolor
5.952734739088832,2.7103716656305603,5.048095826472122,1.5847988683391692,1,versicolor
5.940257934682898,2.6843862201467044,5.081059675233126,1.622550120662673,1,versicolor
6.052370477132257,2.6915320127843767,5.06449099354283,1.6768306898433254,1,versicolor
6.013338706051036,2.7232495468802327,5.123146620610429,1.6568880687704435,1,versicolor
6.0391495627130025,2.725932029976183,5.129496101445062,1.564669184052228,1,versicolor
5.974649371468133,2.6946802849384714,5.102656915531812,1.5996841275667109,1,versicolor
6.011270185408792,2.700010398330432,5.0818956229017616,1.534180877495262,1,versicolor
6.0323189386580935,2.7224124725540424,5.0639035099187915,1.6188252135555943,1,versicolor
6.014720573669591,2.7018720949107355,5.025581382258432,1.5508453243092615,1,versicolor
5.974993263075456,2.763407069133282,5.064705234626247,1.5851328208099391,1,versicolor
5.954638293223307,2.6793208617320405,5.112643515494204,1.516182260574206,1,versicolor
5.885713273479698,2.72540460027302,5.100362633203531,1.5748134369181812,1,versicolor
6.037656889713678,2.7377314756714806,5.015250922545724,1.592263934723971,1,versicolor
6.043221092481718,2.672247926503706,5.086434410295522,1.6370526771696148,1,versicolor
5.988253447585994,2.651144647968369,5.071535063245404,1.545993578320753,1,versicolor
6.021089896456148,2.6300680360169983,5.1389827052116095,1.533208478734381,1,versicolor
6.000754086319999,2.640342728433889,5.086321861163304,1.639803748918862,1,versicolor
6.0438042338651154,2.7510960476842765,5.095392501986253,1.603236578330059,1,versicolor
6.008235977345136,2.723563828083459,5.082987865130472,1.6429268909722965,1,versicolor
6.011962125485502,2.744680342640279,5.118044127754061,1.6260512647019043,1,versicolor
5.969754186527782,2.6823074912281086,5.047298060060911,1.5871199845029187,1,versicolor
5.991903762476348,2.7323696930631876,5.048598398137453,1.7282947000727167,1,versicolor
5.3940672969516905,3.0492612820860976,4.540521283118437,1.39814697961504,1,versicolor
5.3884509960627165,3.0578712815224076,4.401963619288383,1.5296892923254548,1,versicolor
5.362309301772853,2.9802758643561393,4.507892400763555,1.4242921744841193,1,versicolor
5.406748757478675,2.973072961373913,4.468942709310322,1.5269735778702191,1,versicolor
5.53921170307483,3.012629496893487,4.521037326638752,1.4968684357032878,1,versicolor
5.369964842059865,3.0092306318339133,4.559613938071625,1.506448814916184,1,versicolor
5.434497820240721,2.9897877944807023,4.599666638075115,1.4329018253181476,1,versicolor
5.42224553086758,3.02049821821832,4.509465945039494,1.4541426994327893,1,versicolor
5.3532655360291725,2.9893615585195823,4.502729523717429,1.4502260107602218,1,versicolor
5.356087429760538,3.0211275315558033,4.53999203958425,1.476240482055673,1,versicolor
5.370735255725021,2.969578426597617,4.597788829208943,1.5182284929726753,1,versicolor
5.395995528999226,3.0388726102639905,4.590449915582035,1.5454483297740027,1,versicolor
5.341463492611928,2.9951534557271096,4.48238472289203,1.4848259012463467,1,versicolor
5.349823332951725,2.9828459087678065,4.455103867155481,1.5120874249203295,1,versicolor
5.400292459060205,2.941841032112685,4.430086227002752,1.4792479899859587,1,versicolor
5.424542987375746,3.018270685566905,4.495784990975786,1.3660189999933436,1,versicolor
5.378608522703952,2.9687558013308246,4.48498492071311,1.4495109847794336,1,versicolor
5.381063305548051,2.9717510857599376,4.607260957673129,1.5266274126172863,1,versicolor
5.390659463904007,2.996474886254324,4.493634959573055,1.5059517116577188,1,versicolor
5.3821523544188326,2.9976886549028197,4.539569804368648,1.5317434489568063,1,versicolor
5.410788252283868,3.051825109277586,4.507393841095054,1.4590194546524817,1,versicolor
5.328290031306987,2.9704875770417694,4.495874266906519,1.514368597541867,1,versicolor
5.441609967559454,2.975361331090921,4.466079594362279,1.5293321987116009,1,versicolor
5.445625328424202,2.979231534066777,4.511934016235547,1.5535769323128772,1,versicolor
5.4112613692512435,2.9961981533382613,4.415006550110253,1.551576119081426,1,versicolor
5.424229990601955,3.0034419797149288,4.479742350612692,1.4483983327303833,1,versicolor
5.994398194714245,3.3941125580729468,4.542418234215586,1.5497900491134347,1,versicolor
6.056213038649885,3.3998014669264305,4.546003205161227,1.5594922674900058,1,versicolor
6.012299934747619,3.4473440333999834,4.502996722177135,1.539439809124815,1,versicolor
5.985157478403482,3.419866397805515,4.442290671439324,1.5404745709271603,1,versicolor
6.007829882996775,3.3602866383962686,4.525697608946658,1.551260825113115,1,versicolor
5.924786531563713,3.367274810892474,4.558237158596518,1.5637934959516766,1,versicolor
5.99818376881236,3.4082939284130562,4.460342028853746,1.6421659974675544,1,versicolor
6.005521666410536,3.4162781575431667,4.431011201006885,1.5282970733275463,1,versicolor
5.888015722000748,3.390840874697874,4.489259363831629,1.6274366541306642,1,versicolor
6.057985468754761,3.388308125840279,4.48770621594223,1.6165259444601614,1,versicolor
6.059740120187593,3.3654937490139587,4.523565146176167,1.5886014578218537,1,versicolor
5.985096053671427,3.4311503136122408,4.466842379488802,1.5557122706642956,1,versicolor
6.025166802279735,3.3975118725458553,4.487970847200912,1.5931875932530872,1,versicolor
6.018427419095939,3.3837172331037446,4.529195223875508,1.6151287149390865,1,versicolor
6.057888260413662,3.4492386822292764,4.532881993551082,1.5904447457845776,1,versicolor
6.003303931489529,3.3748336035527915,4.612727259591372,1.5897082638124007,1,versicolor
6.020842588760988,3.4530026853344764,4.444050289740794,1.565552074554581,1,versicolor
5.982813800857455,3.3588159609063846,4.4478702437015825,1.5779588378111413,1,versicolor
6.050380722690358,3.4276448455139477,4.5000655198175465,1.599812001608371,1,versicolor
5.932208995686485,3.426565946934207,4.5157519645877295,1.5553970766194016,1,versicolor
6.006991925826306,3.3910087682203964,4.4779849840749675,1.5591571732954976,1,versicolor
5.971694377515258,3.3610099058620606,4.517201214977328,1.6133604420659677,1,versicolor
6.01164943161357,3.391456462884832,4.482444200486007,1.680482181945787,1,versicolor
5.924267231749008,3.446645704339453,4.51292754902732,1.6015477904235587,1,versicolor
5.978422089555863,3.390033415168728,4.451342496345502,1.5432870653364703,1,versicolor
5.9943302336362425,3.3325504573237152,4.53238537141164,1.6434108789168624,1,versicolor
6.561189806142759,3.0367018483565933,4.709708727545109,1.5073080695731105,1,versicolor
6.703293097585182,3.1157190347460877,4.7287132343722345,1.5334979772400066,1,versicolor
6.770466537536038,3.099948164171818,4.733433648556772,1.433976211520535,1,versicolor
6.693644807959854,3.0501274726823193,4.75465268585862,1.5923311386864323,1,versicolor
6.720601265164628,3.046924053280004,4.694446327966485,1.5001352684639733,1,versicolor
6.7069100562523,3.1425443649947806,4.737149549704153,1.3930123486801855,1,versicolor
6.753662309759137,3.0791482214062977,4.676649567391833,1.5556871392662417,1,versicolor
6.688346970579677,3.044207701058645,4.646008982337145,1.5013448452455072,1,versicolor
6.735338805640157,3.159085305625125,4.692218764765367,1.4803169881046654,1,versicolor
6.763978537490764,3.080757330333723,4.757385016898535,1.508447043601571,1,versicolor
6.708560963891511,3.089661433542324,4.710946942854434,1.4805013436919643,1,versicolor
6.671917789437465,3.093672126943068,4.673074329595557,1.5112504388500025,1,versicolor
6.702497512654587,3.088599069674135,4.69110132096391,1.4899467909120865,1,versicolor
6.7686424340805775,3.0987191407191017,4.675331434784144,1.4872551990896075,1,versicolor
6.7255771913215945,3.091061676331893,4.693051918534073,1.4888287650155538,1,versicolor
6.705660655601348,3.1146948371415917,4.71681260270281,1.4336567894227803,1,versicolor
6.6563875685221445,2.9939649874042202,4.731100173079404,1.5433651227561718,1,versicolor
6.751039658122713,3.104789832384406,4.744981616988163,1.497559352438669,1,versicolor
6.694210378424451,3.0374392307185896,4.667760689368263,1.4753781938878403,1,versicolor
6.735751332021722,3.1653463024562907,4.680297605458906,1.5139286925134678,1,versicolor
6.710065086507543,3.0681112225658365,4.630227785255613,1.4689293253406306,1,versicolor
6.641585383726998,3.0863941062478877,4.6933491612217795,1.4917723639878222,1,versicolor
6.692275169532036,3.118304734132992,4.66175902753329,1.5344621606336546,1,versicolor
6.6321822910975,3.1014558285611726,4.714484451989452,1.4673265837286007,1,versicolor
6.635246314313896,3.1244368308855126,4.672028428835662,1.530147161569358,1,versicolor
6.729608479113659,3.0986840113956555,4.698853142119804,1.5383357516813914,1,versicolor
6.31393909189248,2.261654221683615,4.405605516936434,1.3210116338421218,1,versicolor
6.306991912479281,2.3064647317640574,4.393026550858157,1.2941805440633949,1,versicolor
6.2616087437934596,2.241851351745525,4.443784020726014,1.2735276165834706,1,versicolor
6.307762539345815,2.2390849269003708,4.405213609680659,1.2659322239440605,1,versicolor
6.417131235371338,2.2583314253869244,4.360447288318468,1.3364438604810764,1,versicolor
6.344181574568162,2.2150199157452244,4.409034178644378,1.3338589117974327,1,versicolor
6.250177944831057,2.3260898856682464,4.377896351264584,1.2591570760976063,1,versicolor
6.284917750622142,2.280504672094176,4.343578525524338,1.3878581502181144,1,versicolor
6.280756262861629,2.2691699522778532,4.432821372176534,1.295972701552875,1,versicolor
6.351880384785816,2.2882306883371,4.412820181547429,1.3025524819689471,1,versicolor
6.3054703263634195,2.2905704899428905,4.3946995182377675,1.3654465690857527,1,versicolor
6.271809376550187,2.277138311609393,4.3851901567907685,1.3215011686214035,1,versicolor
6.31477421620368,2.335980230999781,4.345627342395124,1.3091381444175798,1,versicolor
6.291843865610505,2.2874719948751903,4.4053451300938296,1.2206922939166645,1,versicolor
6.309679317744483,2.304575818422546,4.342160605787362,1.2950677160317245,1,versicolor
6.36031334290604,2.2834502623645196,4.4223644334506655,1.2898992472603525,1,versicolor
6.266656276884034,2.2623356677819144,4.3830874448470265,1.3504008787179602,1,versicolor
6.331210317483845,2.2708570946532154,4.438431759060426,1.2937833029507964,1,versicolor
6.2714607453480395,2.3159108213427366,4.362719977051365,1.2366484327201126,1,versicolor
6.350132097287683,2.2264814291596537,4.420321183529604,1.2384805780508525,1,versicolor
6.2977101370081545,2.2910361178562773,4.381475417498911,1.2123419764270293,1,versicolor
6.294572483593473,2.29742394903706,4.363368452674319,1.2962125601992946,1,versicolor
6.338184355622542,2.270496231936644,4.409083063999971,1.2534410163259992,1,versicolor
6.314035043072621,2.3242152815847605,4.496984665795517,1.3347307901191983,1,versicolor
6.31606247018689,2.3546283360008755,4.3596891701590454,1.3413153308382442,1,versicolor
6.2774614922735035,2.274536302519831,4.44225519273998,1.3082504599160856,1,versicolor
5.651353236364242,2.9418494222470284,4.109796500126909,1.2783157688326752,1,versicolor
5.588406100249189,2.9238629177906525,4.136055215620369,1.3073954138163169,1,versicolor
5.56025653896191,2.9460606223424084,4.064878623668274,1.354237215301086,1,versicolor
5.595231993396474,2.9860524243905533,4.11864310342965,1.2997033897445327,1,versicolor
5.608390717613597,3.0285494166387474,4.112337524446829,1.333890296466776,1,versicolor
5.552409545757401,3.001838629551377,4.085435626504387,1.3036047509538329,1,versicolor
5.59786053833626,2.9744770184762284,4.085761558040246,1.3367285664605226,1,versicolor
5.57781807266009,2.9506556914232087,4.1229148659715165,1.3377742108208481,1,versicolor
5.589017791636108,3.004649844781718,4.0667694102120855,1.291724128844663,1,versicolor
5.643138620616661,3.031187290425597,4.105557038915113,1.288975773798273,1,versicolor
5.535876928044829,3.012162818856456,4.117780718954828,1.3411749277967198,1,versicolor
5.6788507333090665,3.014630083713243,4.137389137167177,1.2561462174422124,1,versicolor
5.6471320465885615,3.0339283955332768,4.153339272267303,1.3264000063337358,1,versicolor
5.617700759226834,3.0578774821114822,4.074022794886781,1.325241801537771,1,versicolor
5.6424383840835866,2.9693617902912743,4.055041362077466,1.3170807359163448,1,versicolor
5.605003187591601,3.0239608702198586,4.125379404949188,1.270287662446475,1,versicolor
5.613452199958992,3.0443149229007074,4.0864443580110645,1.289210636104544,1,versicolor
5.556346541033815,3.0322459824277295,4.17654189409769,1.2469873167319572,1,versicolor
5.6301537791924,3.035662022679834,4.078615478631305,1.2859509881180078,1,versicolor
5.559722290064263,2.96995726800398,4.1069870242179425,1.3259782058602818,1,versicolor
5.605112238346472,3.0339230708793754,4.108571754488391,1.255023464267074,1,versicolor
5.657219041377504,3.0468250898700746,4.072961029044618,1.369778862579273,1,versicolor
5.6189917953773065,3.00587064678852,4.17549807813067,1.2033463704728729,1,versicolor
5.538165672649351,3.0284957152468097,4.091224883456172,1.2639175947345862,1,versicolor
5.659637960343244,3.0198644929944902,4.05111827353815,1.2751546574709958,1,versicolor
5.633885018036156,3.070563628739143,4.022847413527187,1.3107277338989265,1,versicolor
5.486116645029507,2.432885585590755,3.9945482435831634,1.2385329098538114,1,versicolor
5.480122156660837,2.56418828127473,4.02114121503325,1.3315887446928814,1,versicolor
5.524514246066835,2.514978120362758,4.039105037632102,1.2557192693538828,1,versicolor
5.487174770929599,2.534509429558191,3.9728406416466777,1.2841852510539302,1,versicolor
5.548386692376972,2.5611728009364305,3.97770130939281,1.2695268454893567,1,versicolor
5.5241692015743125,2.511975771411325,3.975154836222773,1.3247240161116194,1,versicolor
5.523078150688102,2.504639530957696,4.116204456050326,1.3545632051365009,1,versicolor
5.533330185876758,2.5414962407751904,4.117164636769859,1.3444181318526707,1,versicolor
5.473501295977101,2.5141191934852993,4.00445943862774,1.2794314265393325,1,versicolor
5.511764496903486,2.5114319047315035,3.999442512006169,1.2826256103688765,1,versicolor
5.5340145344017335,2.439285684567164,4.033852990675798,1.302032565002389,1,versicolor
5.512398733999328,2.4088127659718466,4.06735351863615,1.234021021764641,1,versicolor
5.467876663133751,2.5268484185492057,3.977982866428617,1.2857523011133047,1,versicolor
5.414335656558736,2.484624145392941,4.010000952100695,1.328264867771302,1,versicolor
5.490484561996327,2.5102921914007084,4.018870939669237,1.275351050195102,1,versicolor
5.472359815078745,2.57849328674221,3.9684420912113354,1.3500140669906504,1,versicolor
5.504537779731402,2.559434479554282,3.9767550235782503,1.3220415434055044,1,versicolor
5.514746711221339,2.492891059026903,4.013949496859986,1.2716922190634314,1,versicolor
5.498644419698071,2.486149905289082,4.0316188085574725,1.2982357386786287,1,versicolor
5.447227506399335,2.4872302139920035,3.9979539577004113,1.266406861951078,1,versicolor
5.553960716796771,2.517662450365807,4.034839721964438,1.2718486436164036,1,versicolor
5.486176472573113,2.541336444953973,3.945642646984372,1.3162178629839925,1,versicolor
5.505317385140157,2.4821927668396184,4.005353849504029,1.2596031304095276,1,versicolor
5.510617215169494,2.4540701940439003,3.9517201523228263,1.3566918030424395,1,versicolor
5.4742777417928385,2.4188311173169104,4.040054376915565,1.2714881247641172,1,versicolor
5.363507538895492,2.499553449069462,4.038236588127265,1.3156338066609607,1,versicolor
5.569374869551639,2.596899669626385,4.425346161394331,1.1622395509912846,1,versicolor
5.5082503696507725,2.662006947184759,4.421649322532495,1.2082328445786286,1,versicolor
5.424137861298918,2.587027131086628,4.351178509671593,1.2324063162603847,1,versicolor
5.472795016741461,2.6160722531532135,4.362457496369528,1.2760561119080263,1,versicolor
5.455724518895271,2.607275794714773,4.505310495773716,1.2103253702707124,1,versicolor
5.467520335499175,2.6260609149329825,4.440913516859138,1.2361526573055872,1,versicolor
5.4243300099539935,2.6104012831925836,4.318110621070432,1.2766514902479345,1,versicolor
5.5047061044811665,2.583729251727022,4.4284123505669974,1.2211242879556443,1,versicolor
5.45518173033421,2.6659661415482208,4.392335525007328,1.1325566518073988,1,versicolor
5.557153207237868,2.662432131914619,4.451465689131741,1.223591150222279,1,versicolor
5.466718377822091,2.6389637065743994,4.47539655597888,1.2341428586811072,1,versicolor
5.565224881453369,2.571320127833557,4.442272637476092,1.2390312318772236,1,versicolor
5.443060960539494,2.537668718273786,4.373531930189373,1.2052387656649974,1,versicolor
5.519953556559541,2.5931056703098583,4.399460475214648,1.197576893298754,1,versicolor
5.50553394288706,2.625194832905476,4.421711591277906,1.1999006557370777,1,versicolor
5.5123429332712055,2.5842014061685123,4.433659658564553,1.182094956111534,1,versicolor
5.567163451530173,2.601152114974123,4.412977428360318,1.1719553807718122,1,versicolor
5.488428507760122,2.6086479869946997,4.402869578758598,1.1774608796516806,1,versicolor
5.45604662999455,2.6037164693148713,4.408233570199168,1.223923543169198,1,versicolor
5.551622940036193,2.5897326352525716,4.32293690063902,1.1964599584271325,1,versicolor
5.42884669373359,2.5510750132655655,4.443064947721046,1.2246623420143394,1,versicolor
5.476557105615446,2.5769212912274857,4.398626188328658,1.13241447385994,1,versicolor
5.521261133846732,2.588305963277568,4.475333179818127,1.1600579148686703,1,versicolor
5.542084633526056,2.575097142236413,4.442777197555122,1.1632658912450575,1,versicolor
5.531407815432844,2.584703738147397,4.369395689051633,1.1962389052392848,1,versicolor
5.521173130570965,2.618321384902066,4.4650575614824515,1.2349320866174827,1,versicolor
5.997298768744937,2.9862874205963035,4.522911601331151,1.3869501083202687,1,versicolor
6.1270778536046295,2.9489946624319634,4.555229021817518,1.407993311173457,1,versicolor
6.090767302073839,3.065322246047984,4.6151016447141835,1.4234687241145878,1,versicolor
6.171973666172958,2.9822983446701414,4.6022148317707385,1.3627317348148835,1,versicolor
6.11256609117813,3.0435321976804226,4.6568382808820195,1.4008512508179525,1,versicolor
6.073961556847134,2.971770981801006,4.54671856338571,1.4071688502270188,1,versicolor
6.156537940498003,2.9077987592890038,4.515572020290368,1.45827147354504,1,versicolor
6.038151600151459,3.0155857136698274,4.552157888414106,1.4336190337881742,1,versicolor
6.133650037862127,3.009177297450969,4.63539185028375,1.4044747716046198,1,versicolor
6.12498866551707,3.0753162578584625,4.646358088038793,1.3762407343144194,1,versicolor
6.07046432431277,2.9930216623288435,4.593419376735577,1.4054368466250151,1,versicolor
6.078461731774313,3.028668620005314,4.604134458782495,1.4170828995428109,1,versicolor
6.102933485437565,3.0272346202231732,4.5548833653031835,1.4658528055121811,1,versicolor
6.116564475748998,3.020702319589871,4.6271832343409365,1.4460080784776255,1,versicolor
6.132219019188714,3.0122919181175245,4.5955777741600645,1.337129459261289,1,versicolor
6.111428700935763,2.990394716166539,4.590362237581847,1.4990218374354745,1,versicolor
6.028598276045245,3.005173536634695,4.6514205979058225,1.4413881115206815,1,versicolor
6.152552260892701,2.952312424875197,4.564591407229,1.4277814192643308,1,versicolor
6.091209842847168,3.071503431709978,4.612217701911559,1.4109438270212253,1,versicolor
6.120754537306195,2.9922819094589554,4.607933306854271,1.3762081218158875,1,versicolor
6.101724089683062,2.9839005608240154,4.613490674788927,1.346609212452242,1,versicolor
6.043617624508638,3.0216716484940926,4.612369622456252,1.36477862727338,1,versicolor
6.094269315743794,2.961407324647112,4.684958502830113,1.3408749192929323,1,versicolor
6.171899741313185,2.970480370639592,4.620252675622104,1.3929228455349618,1,versicolor
6.088206991741309,3.0408772249513736,4.636077331599405,1.3918925053309887,1,versicolor
6.067118739023159,3.0863765745258767,4.659641095520572,1.409148700378413,1,versicolor
5.7916283660053365,2.61523833965298,4.00680968453512,1.2513730344355616,1,versicolor
5.764926717793086,2.6043765257192923,3.9721906259841457,1.2558179005019898,1,versicolor
5.875673875984083,2.5999056300811407,4.025151116731437,1.259817475302682,1,versicolor
5.791602511270057,2.5662446048876815,4.045192982005415,1.2238521499845145,1,versicolor
5.79530658554504,2.6620335235478034,4.013060659614689,1.1324098382512675,1,versicolor
5.817476193553005,2.601254212841784,4.078852377778749,1.2029728702178113,1,versicolor
5.795387643190447,2.6211167049428092,4.013447286272066,1.147332391575094,1,versicolor
5.808440302802875,2.5905510691461253,4.0598439608220565,1.2996678191340014,1,versicolor
5.758968941028802,2.5650484689364323,3.9699872970278745,1.1774096829675396,1,versicolor
5.776069914481531,2.6058476058443847,4.0472528027299415,1.1516549324113436,1,versicolor
5.742156049691556,2.5300049952155668,4.047910592031594,1.2567866882210885,1,versicolor
5.742330174710306,2.538469017347293,4.008933376862355,1.2474405194628855,1,versicolor
5.844324590621903,2.6114791318326565,4.031023397516084,1.216835041997335,1,versicolor
5.781574447346357,2.6800996113183304,4.003708144499359,1.159270841888922,1,versicolor
5.785042456890025,2.5420797309032874,4.0044369734980005,1.2476331109758376,1,versicolor
5.753158156037593,2.6488705968138655,4.087528254319083,1.2189209170828206,1,versicolor
5.757455789265697,2.569647124177967,3.990394763139316,1.1524947955623164,1,versicolor
5.753768647529444,2.5933960287132396,3.996570378220039,1.228022726883078,1,versicolor
5.755782459134851,2.6787117666641436,4.046267854092559,1.2394340608339123,1,versicolor
5.777741714860297,2.6734057135450304,3.99007064770854,1.2764597506629287,1,versicolor
5.846671012464349,2.5679082470189063,3.9856219263674584,1.278682215034196,1,versicolor
5.84388654045858,2.5975881676823986,4.011974856544816,1.2117558290967496,1,versicolor
5.77287479437627,2.5957972573767663,3.9773934990825888,1.1866515651341218,1,versicolor
5.822492547789391,2.5654802895534443,4.0328954128260195,1.2082103756748093,1,versicolor
5.834350716584264,2.6394260136783214,4.053731356092264,1.2289769080720596,1,versicolor
5.832139235283633,2.5966023176110853,4.026612167419338,1.16773232572074,1,versicolor
4.99394621628297,2.3338175695066257,3.301724540011156,1.021674947366932,1,versicolor
4.961476827132912,2.3586160279261184,3.280689090523072,1.01965767674684,1,versicolor
5.002890962731707,2.341185313821263,3.2884718757119176,0.9637189104632985,1,versicolor
4.92773156308329,2.2915154722065707,3.2559345688295194,1.0252330873895186,1,versicolor
5.061590640153915,2.2145843419117965,3.252092972971563,1.016186499651637,1,versicolor
5.053295282907678,2.3160511501734304,3.316791654039785,1.0240832447627726,1,versicolor
5.026863936602009,2.369726134300284,3.328363540719678,0.9540103785841648,1,versicolor
4.984831511370482,2.3122084993308465,3.271221947810143,0.9933144509428754,1,versicolor
4.982684601255734,2.2756466548646346,3.3316435583918227,0.9881515549098527,1,versicolor
4.959914042827541,2.2750477798373567,3.3052887853990764,1.0886299924446714,1,versicolor
5.0141671836150525,2.3634137245921734,3.323653633902227,0.9174056126931224,1,versicolor
5.019000895189071,2.269523918213165,3.249331631429576,0.9604463888526338,1,versicolor
5.075682277716022,2.240279120228728,3.2788302547512758,1.050354657279931,1,versicolor
5.030500335372064,2.2349266593669843,3.2992760642269534,0.9829742400184411,1,versicolor
4.995875346448957,2.3339929021682084,3.280530750976168,0.9908420117248973,1,versicolor
5.062477824367488,2.2295094818327037,3.2887111391794193,1.0226177198208413,1,versicolor
4.953517881994773,2.2782992363509145,3.2507605930843146,1.0099492545676891,1,versicolor
4.978577558677354,2.335371379414422,3.3448015955622856,1.005532716956954,1,versicolor
4.988366032915142,2.3141500987996295,3.3059760077557407,0.9546115032726442,1,versicolor
5.046822360923709,2.3127399711104295,3.3354199311176167,0.948756004901942,1,versicolor
5.038960234656313,2.3885295333192493,3.3284466050693045,0.9451632525897128,1,versicolor
5.005095302260726,2.3012236038348495,3.312389656709249,0.9941692919544077,1,versicolor
5.023576076578772,2.2848364185187844,3.312839983429092,0.9757936319985439,1,versicolor
5.00754947601263,2.3437037737631954,3.2837539695640094,1.0304483445582184,1,versicolor
4.96774935937758,2.288521181173305,3.2939851865440763,1.0538140415013761,1,versicolor
4.972594950720229,2.352665247923927,3.2443665894621576,0.9971105998737678,1,versicolor
5.640322455629673,2.7315433942828093,4.162709180589334,1.2540753050996318,1,versicolor
5.638886232873679,2.6525057686207894,4.226856094717539,1.2823946774745245,1,versicolor
5.602980455296015,2.796943546359549,4.266044882749294,1.3373469075866855,1,versicolor
5.5477670023265375,2.7163250677034116,4.205541842707744,1.2993256118007663,1,versicolor
5.657406298109568,2.6338993452477766,4.216219889494711,1.3084638980095828,1,versicolor
5.5729931273473845,2.773154848195722,4.152088693466229,1.3044506658697925,1,versicolor
5.606552815605308,2.6146613181710805,4.14544865908209,1.2640738417209043,1,versicolor
5.635157562423618,2.7415362558313623,4.227324404174646,1.3129867960134587,1,versicolor
5.514294128622041,2.711992793070064,4.182458125048945,1.350637274251307,1,versicolor
5.65771094938136,2.7937890985446163,4.23192641968587,1.336222733480851,1,versicolor
5.561456792009173,2.7064110274170368,4.153167835252185,1.3395046031723628,1,versicolor
5.554813075014965,2.694484323912695,4.169917618625911,1.2841473195956346,1,versicolor
5.621655632803861,2.680274562079999,4.212036645966595,1.2624511256265663,1,versicolor
5.6596987976235535,2.6769757380027137,4.244115903048459,1.3897415840422567,1,versicolor
5.504266383769844,2.662837795507711,4.194695613254967,1.3505031103011857,1,versicolor
5.583377979848843,2.718409975002669,4.173401158589088,1.3258474189142855,1,versicolor
5.553743298277864,2.736956251609514,4.081524069505852,1.2261926179915192,1,versicolor
5.676869807032949,2.709964684050757,4.166559457512102,1.3925077529688281,1,versicolor
5.645654130795706,2.748830402558518,4.185748829032109,1.3282030128815152,1,versicolor
5.62354247382821,2.635440930306806,4.227050631099076,1.2953750061347842,1,versicolor
5.6552656351590755,2.7560729280362217,4.1766817213286656,1.2782605056460683,1,versicolor
5.610662395950555,2.7295479205447597,4.186086094807774,1.2981770860981197,1,versicolor
5.627739523635534,2.720075277240984,4.250251329370921,1.3125473457227883,1,versicolor
5.566616727452523,2.6308095550637782,4.235907409956096,1.2891661287663414,1,versicolor
5.588570124720101,2.6909352190734963,4.138528484112475,1.2867858637038523,1,versicolor
5.49639275735961,2.686288298872695,4.166124693169985,1.377883269888965,1,versicolor
5.7210088732637745,2.993973426829469,4.209354040627925,1.2325501635579417,1,versicolor
5.67172840722066,2.993275632223523,4.188157869993172,1.3044407889968768,1,versicolor
5.7056547477395805,2.9221045645228743,4.2353176209367085,1.3086774205289404,1,versicolor
5.663443872526794,3.1453172363240567,4.200065762821778,1.2436831735074634,1,versicolor
5.679484865985347,2.9915491597512047,4.152064526164437,1.1592154796520504,1,versicolor
5.614567160325136,3.049587136937008,4.1553909604109975,1.2177990357163202,1,versicolor
5.716133588700567,2.9758729268480772,4.204516861211236,1.1986482981386417,1,versicolor
5.682156432006541,3.004566133067985,4.204600946919393,1.1605224083372567,1,versicolor
5.649151818127011,2.967551471497119,4.207464494762929,1.2594193468623822,1,versicolor
5.763010235974865,3.015388839790976,4.241465431802102,1.207504485591571,1,versicolor
5.747965012524319,3.007696209960087,4.21861505576508,1.1906748099739555,1,versicolor
5.7021553566179595,3.0806916919955913,4.152925898512883,1.2024903294080656,1,versicolor
5.677959488896228,3.041986139616461,4.277298653166795,1.1894673265039433,1,versicolor
5.587824479872473,3.0277416371925274,4.22776659369328,1.13269865751969,1,versicolor
5.692301943023864,2.9995195165841646,4.1066610818424065,1.2301815040471245,1,versicolor
5.720452103061596,3.0121419436870114,4.1583561763133865,1.1727636755184443,1,versicolor
5.676001451743885,3.0220304008968397,4.161458546269868,1.2628056966813899,1,versicolor
5.717833522753284,2.911902155673464,4.271927969521887,1.208699176297225,1,versicolor
5.679311997371725,3.0063481965583407,4.126371164383773,1.2099621181361095,1,versicolor
5.600068380785159,2.959606310240479,4.258263316422856,1.2544144642847916,1,versicolor
5.68784033208759,2.9618609390091604,4.240723891870086,1.1998905002696043,1,versicolor
5.710765290521002,3.0279831896959584,4.1572188803038435,1.2348955271386246,1,versicolor
5.613992806097636,3.06271400147709,4.1365905130742,1.1757446946144638,1,versicolor
5.674023491526891,3.032128059434523,4.2328568897644985,1.2167453648252624,1,versicolor
5.724364863028626,3.0212708758413926,4.198722273224101,1.1221673835077852,1,versicolor
5.605701383063498,2.9058703297891944,4.199685127039231,1.1921771715200455,1,versicolor
5.695844653999773,2.910998585589433,4.191810565688227,1.2599525255448152,1,versicolor
5.638949262027473,2.822454377141116,4.252262403440511,1.3393914343752904,1,versicolor
5.645055961014585,2.890077987478486,4.219889097892716,1.368012163830892,1,versicolor
5.6763375938142016,2.908747231654521,4.249743834004134,1.2289044839477614,1,versicolor
5.67079859879649,2.899757618681473,4.171285808586264,1.3896211280391868,1,versicolor
5.737607442844874,2.909559381783097,4.161223363759367,1.337542123937683,1,versicolor
5.727756410730066,2.8797897440678106,4.183142548393278,1.240179925408696,1,versicolor
5.698039577232199,2.9374388313116038,4.243066893348574,1.3254797046204567,1,versicolor
5.7356817135263904,2.876621369207157,4.181570087529304,1.3515156785773252,1,versicolor
5.720033316337272,2.867989423077189,4.222101850649863,1.3358528995764904,1,versicolor
5.730699373226086,2.905642514693326,4.179586288483576,1.3178013174302738,1,versicolor
5.77188440341073,2.90725344727873,4.1732187892841965,1.315262679562646,1,versicolor
5.649642386342517,2.9106490410173818,4.188583234556849,1.3410276953799776,1,versicolor
5.705359280083803,2.9448438269624884,4.296988878666408,1.2919525048329092,1,versicolor
5.666214580910249,2.9201859376624175,4.197349292517502,1.3069207457247616,1,versicolor
5.675887077032931,2.924156721686411,4.2038744545738504,1.2109507239937258,1,versicolor
5.691114812068845,2.914859082503131,4.250033088663396,1.2768982223956429,1,versicolor
5.66753147824632,2.9487885668787785,4.175544091121657,1.3052916687937122,1,versicolor
5.720590069590177,2.9316131885003562,4.201249268790034,1.254624829517664,1,versicolor
5.7429560416909355,2.8828314163339037,4.179216140079595,1.3843408096756407,1,versicolor
5.737425290662555,2.856791471324288,4.180842111018705,1.2906463856045893,1,versicolor
5.669703790539865,2.8211459194755424,4.234191344394862,1.3330963659241433,1,versicolor
5.7109723974493445,2.884143631066298,4.2096365498749355,1.3273412669636802,1,versicolor
5.657515334847514,2.887012731431597,4.177583181076701,1.329721444639151,1,versicolor
5.711655243105726,2.8468732455005843,4.175175676954479,1.3741062238060249,1,versicolor
5.660483960303585,2.9070183364426687,4.174625061414771,1.3524887139644841,1,versicolor
6.198073259679714,2.882602503935729,4.251961991828906,1.2905382047415939,1,versicolor
6.235058237987618,2.928584236743422,4.245810079378576,1.365345166206911,1,versicolor
6.19044428054776,2.8569742692180493,4.3059297534601475,1.2748507015399868,1,versicolor
6.176630561220438,2.8744110301614625,4.296844258249307,1.2798478954426564,1,versicolor
6.129715801814416,2.922183393082628,4.27893872875511,1.3500598517052853,1,versicolor
6.22269070916202,2.926041773024159,4.308029686919185,1.3541395182770655,1,versicolor
6.186932403945278,2.859373069530458,4.314752352875278,1.1878939084627407,1,versicolor
6.185197706351144,2.9093357004449274,4.2832274153811385,1.352441138460423,1,versicolor
6.22943313018627,2.905108352388275,4.283861363976721,1.3457017197638372,1,versicolor
6.1723336481655995,2.8832015079888347,4.331270389346859,1.325005604522949,1,versicolor
6.284500209909416,2.8914155434549875,4.222616850428221,1.3276124580613033,1,versicolor
6.252311666908194,2.8935196282639244,4.36474356527168,1.3739017259155741,1,versicolor
6.172798349755086,2.8804375354108553,4.248554512316175,1.3227198588025009,1,versicolor
6.22997550449436,2.925271888887894,4.2493091377260095,1.2687291767760949,1,versicolor
6.141130919901316,2.833662232027244,4.244618759286555,1.2349178809556323,1,versicolor
6.1926760324794285,2.9176739766135023,4.325986693017621,1.2993319927298201,1,versicolor
6.1724407772414915,2.8997254426793546,4.3236573275655195,1.2879146486008846,1,versicolor
6.2023081678812195,2.887487473665807,4.2784827993052605,1.3015015627663304,1,versicolor
6.154053610089802,2.943449147565214,4.235644896973501,1.3190792348984355,1,versicolor
6.1439038430681645,2.9623203860683716,4.3358735789633425,1.2665907263237535,1,versicolor
6.1815079253167555,2.853543426782862,4.29762644627714,1.316969554931331,1,versicolor
6.305305924456512,2.8437331695343953,4.351127947122773,1.2760264500489733,1,versicolor
6.211361358588551,2.936204909675249,4.322383140480367,1.3174128129240865,1,versicolor
6.191893570227107,2.899658456604857,4.306291586833962,1.349352194549908,1,versicolor
6.139573638448784,2.8797616758001503,4.248688924368766,1.2603295499409721,1,versicolor
6.167157296285954,2.9451842432864037,4.388238938499365,1.3557572637810829,1,versicolor
5.051246677044119,2.5030862352225385,2.953288492221779,1.1183183184168826,1,versicolor
5.152289384164564,2.524166949659323,3.035812487169037,1.0939350153845866,1,versicolor
5.01900004391675,2.418477116328111,2.995937728081951,1.1236207852029547,1,versicolor
5.152234323868312,2.4856705959243866,3.003057341946679,1.110502955858341,1,versicolor
5.143694944678307,2.497114523068675,2.954983509228011,1.1444776068714537,1,versicolor
5.116889686714112,2.515704461809241,2.9477152720583373,1.0996809341200224,1,versicolor
5.029336275470825,2.4175114291572317,2.990238731371598,1.082098185631504,1,versicolor
5.123313916943216,2.5592229414535854,2.998569930330577,1.173453344991012,1,versicolor
5.07582421499412,2.5313261421314928,2.9479089849039464,1.1051796814363164,1,versicolor
5.086990614657525,2.491398426397868,3.024172807310783,1.022532380473318,1,versicolor
5.104738638860621,2.4666196693540288,3.004793756845523,1.1161236445229201,1,versicolor
5.084741364276043,2.4846889030523216,2.9526443602323047,1.1225295235594197,1,versicolor
5.072361311482273,2.518215901888668,2.9414437778294977,1.156143150391494,1,versicolor
5.058048562422233,2.5474790256055253,2.981585991746556,1.1223805312168704,1,versicolor
5.094090138038577,2.5278642447808224,3.0001734589953992,1.1521034967501296,1,versicolor
5.127556774072042,2.527951282124105,3.068505267708314,1.0713633763433137,1,versicolor
5.15339607646393,2.502921517284338,2.9393001663818348,1.1196076401252895,1,versicolor
5.091616825613971,2.5692348550177644,2.9798233285599576,1.1020116826875703,1,versicolor
5.109608826290796,2.4218090323663066,3.0208393064059957,1.0592045009832283,1,versicolor
5.157743893791482,2.5683373056043792,2.9996477995965947,1.0349570159588375,1,versicolor
5.107446011411731,2.507221182065515,3.029550470879267,1.0878399143662647,1,versicolor
5.0511613163698685,2.494163468126273,2.9620143649138053,1.17268533382542,1,versicolor
5.070981201354341,2.473241496759471,2.9980749341119295,1.0491170338728755,1,versicolor
5.081715053317788,2.4944471904172874,2.9799501261750914,1.0896861792697095,1,versicolor
5.1509071697907,2.5177809216138156,2.945135028944735,1.082378906507393,1,versicolor
5.130601076889398,2.47331268799668,3.0033472464713364,1.0988126163322756,1,versicolor
5.7216679506716215,2.7926520501070895,4.094205702535649,1.2647752860013297,1,versicolor
5.714741403935848,2.7619444366474797,4.171071006970585,1.2991713118734414,1,versicolor
5.690819651719114,2.832311313926195,4.096515695396207,1.3036218741756351,1,versicolor
5.6978460656256305,2.770264264572734,4.062209893148235,1.2713318127163924,1,versicolor
5.746392937448369,2.774275065006798,4.08336623258701,1.281588341496565,1,versicolor
5.7285934554115,2.8811845120157917,4.0621101124145484,1.3224757568898116,1,versicolor
5.7048903714108965,2.787584749938941,4.120699563218473,1.2479326364606464,1,versicolor
5.734106088417546,2.80903867097061,4.0591439760640835,1.3652862847612415,1,versicolor
5.734851163782804,2.847608924085071,4.0404143430009585,1.288882217093182,1,versicolor
5.67859397510471,2.8256480335821443,4.155471369378161,1.221978122511881,1,versicolor
5.700829297893971,2.79484111984889,4.140906108106972,1.298335758061008,1,versicolor
5.6479323863053805,2.792041450239028,4.057590399228271,1.2681690481202232,1,versicolor
5.7017246897061655,2.7803223355556006,4.111419235603711,1.2379073866184005,1,versicolor
5.794956201539194,2.8515957320136134,4.129354915985994,1.2470894843965485,1,versicolor
5.6117132373075,2.764680071063174,4.090493961732105,1.3912711410655056,1,versicolor
5.753433946913548,2.7785083974475797,4.1494140427695605,1.3500543360497823,1,versicolor
5.70063535627982,2.8497675723825524,4.113496004427339,1.2732071990798952,1,versicolor
5.651943024910615,2.794970160711947,4.140806436195893,1.2445666667752169,1,versicolor
5.634104302347957,2.8224866635023265,3.988870550747297,1.3745398527549675,1,versicolor
5.6820040377473084,2.829960687309382,4.176050710756056,1.2406565124937476,1,versicolor
5.657031070739513,2.8917026134019967,4.088358097710027,1.2947719451528206,1,versicolor
5.709289477987543,2.8432184834573073,4.154210830561903,1.3044924843248602,1,versicolor
5.686289881706837,2.798508168844531,4.112401037334282,1.3535622084088466,1,versicolor
5.705543129211595,2.874444627945679,4.064900822654817,1.3217555290845606,1,versicolor
5.771818769320077,2.852671077960169,4.113596975610631,1.2638940482059253,1,versicolor
5.670869534337077,2.793596813182081,4.112702399118612,1.2898078801596733,1,versicolor
6.240453557653736,3.2698149802391883,6.021172624108983,2.5,2,virginica
6.242766926775848,3.2851066619529448,5.93154419026581,2.476939211379324,2,virginica
6.444889524571032,3.3026006255647458,5.985875053966432,2.4759229271771104,2,virginica
6.250511779434556,3.22398361054245,5.9982755054236785,2.488698464454594,2,virginica
6.3604271295132415,3.233076702779712,6.017814179366194,2.5,2,virginica
6.219944333944561,3.3269058700993583,5.934126786491403,2.5,2,virginica
6.360358144944733,3.2998444664462334,6.011742156752961,2.471630613815935,2,virginica
6.311832635283506,3.346309205061615,5.9925229104643325,2.4943001736467885,2,virginica
6.315966433803571,3.33366772171797,5.9330739006126505,2.5,2,virginica
6.271993141441361,3.3203208742976815,6.0424025821511265,2.5,2,virginica
6.352857046927286,3.259483279460703,5.983300302454742,2.459535423514078,2,virginica
6.302443436941451,3.303948460394052,5.99191536931723,2.4504301402155613,2,virginica
6.296888427391464,3.282132168100909,6.024761194300743,2.488990426116412,2,virginica
6.3476199385776315,3.3094958221961805,5.9240244332710486,2.4929457645846376,2,virginica
6.241531810218398,3.3396611816601527,6.058714292490278,2.4989437385016413,2,virginica
6.318181504664179,3.2408783909694634,5.908004679666121,2.4773216814658463,2,virginica
6.2895934237210955,3.238108242980629,6.003770757357106,2.5,2,virginica
6.326379871517786,3.363474633035688,6.0332005814014,2.485068619588353,2,virginica
6.3043701465371775,3.3246640327045234,5.957281622591931,2.5,2,virginica
6.3369771627152485,3.2908327205029524,5.973992843822717,2.5,2,virginica
6.334509360767712,3.338583441548056,6.073725597010171,2.5,2,virginica
6.3087405316590015,3.328945676400207,5.962760841811342,2.5,2,virginica
6.237148707933579,3.3175182150171523,6.023013372317277,2.436360249007996,2,virginica
6.378803983583003,3.253143408763624,6.043064280006382,2.478641375155606,2,virginica
6.313056794203559,3.273379585881506,6.1023928074292275,2.5,2,virginica
6.374534467229781,3.3325312322355765,6.029002009566183,2.5,2,virginica
5.790792496017136,2.725513724794596,5.107206567178569,1.8944564298140982,2,virginica
5.744294544746925,2.6881486593398716,5.125507734312945,1.8814715676665912,2,virginica
5.815027644327798,2.694972974541068,5.058550128227446,1.863799044629249,2,virginica
5.770484058785016,2.688960386386887,5.0901534959770505,1.9467328761224965,2,virginica
5.756401855479384,2.6171039863929946,5.12902838181851,1.882246864987139,2,virginica
5.796066103412175,2.805498971344178,5.161005781159281,1.9251585910403728,2,virginica
5.839822805042424,2.705937484992729,5.140361346147994,1.8760169581387842,2,virginica
5.771865200935968,2.6819318369524687,5.165893926342502,1.9649726560635123,2,virginica
5.776265569324545,2.7487873333326314,5.09462397611208,1.9452572234283732,2,virginica
5.788161406137545,2.740442470513836,5.0966660557233014,1.889473430260177,2,virginica
5.800349762472006,2.7077732237447365,5.077436158855224,1.8451584197649495,2,virginica
5.870856230803998,2.6851892559555393,5.026748577909813,1.8082100240774193,2,virginica
5.686281257191244,2.676214296533731,5.157193060767809,1.8343432422555963,2,virginica
5.7882178603974275,2.6259550549985216,5.146749756872368,1.9164585939967778,2,virginica
5.814724463510825,2.7569680537167307,5.169113409592995,1.9438445429628435,2,virginica
5.777734794049293,2.6470608638748967,5.058609209833642,1.8294848015343121,2,virginica
5.875790517056222,2.6937316068775328,5.106869637922926,1.9096518175211832,2,virginica
5.884616891747596,2.678441640016244,5.150237924843868,1.9141009545278396,2,virginica
5.795357788286221,2.6226848929793536,5.139447809730775,1.8710228181333637,2,virginica
5.782749660122129,2.7109379852838793,5.105559407529089,1.9479163449490449,2,virginica
5.7740658952307236,2.7084351447266095,5.113134887932479,1.9027539807838414,2,virginica
5.829681396372775,2.691225536778687,5.15131882114111,1.8724787153851739,2,virginica
5.742447893339191,2.700022160521075,5.150323300970869,1.8804718083561947,2,virginica
5.775860568692893,2.6874611300874958,5.108498173551902,1.8944805477954678,2,virginica
5.814506614217239,2.6309438202919626,5.16342236221273,1.9256989911484526,2,virginica
5.766271069470525,2.758209698993905,5.120245196189203,1.962311914602674,2,virginica
7.053274603846442,3.070026176933963,5.903602223092575,2.016991165325928,2,virginica
7.132718654829623,2.989286211018633,5.859987680836289,2.0928566122177443,2,virginica
7.021725708159683,3.025762841249548,5.892811539211142,2.0905870020792268,2,virginica
7.1599657761058735,3.003156837306753,5.874484773212068,2.0625443762679194,2,virginica
7.099196777219063,3.045563521375637,5.877754905543886,2.058949589834479,2,virginica
7.139713025788985,3.0041605997914678,5.900660521326246,2.1876113754741837,2,virginica
7.051705094161575,3.0099074185961574,5.82856767110341,2.089331915616957,2,virginica
7.12590458643233,3.0480511737903213,5.849352212356956,2.1361097443498864,2,virginica
7.133951061689858,2.9966027240664466,6.003059209484918,2.1017143901595676,2,virginica
7.065401533911677,3.019213774055748,5.824985101982406,2.165936456750586,2,virginica
7.142376241944087,2.9852236127127485,5.92698438744849,2.1237656771880142,2,virginica
7.1813584729734705,2.976323051290077,5.848512902701108,2.017899129469791,2,virginica
7.089511113386474,2.9370691661264696,5.894522330046211,2.1185631289695803,2,virginica
7.083459742515193,2.9627624769930896,5.950762783839722,2.093430325723334,2,virginica
7.111236636494067,3.040857086036755,5.847924529589916,2.063678532223499,2,virginica
7.204535731187742,2.995144274804425,5.858723905651715,2.0911595520953115,2,virginica
7.078026369769306,2.9510325048041506,5.884806956849263,2.1008134499305102,2,virginica
7.101073648982007,3.023806766734997,5.830258976445764,2.040039531686368,2,virginica
7.134142519183531,2.983401819208627,5.951739150146198,2.1141621012652676,2,virginica
7.04358213607737,3.023738892467731,5.859983030699104,2.1123443583864083,2,virginica
7.152254773216009,3.08863360399273,5.898790961507461,2.130375078406544,2,virginica
7.11401289334543,3.034204416354688,5.796653088249855,2.0856498859329644,2,virginica
7.113616129971668,3.0209667714130735,5.870643367273692,2.135594213436401,2,virginica
7.147058362537289,3.0045346484180957,5.892314607224028,2.0869854296621093,2,virginica
7.107370328184319,3.050185659345625,5.96332520765934,2.0823286777013643,2,virginica
7.063420208060186,2.9690673640949856,5.942146579382381,2.110775418087555,2,virginica
6.313943485048157,2.9214662296569123,5.61712001799416,1.7966290397284916,2,virginica
6.258911774801404,2.876284101668365,5.606664522114876,1.8177949741358979,2,virginica
6.286486011840558,2.8846043385338858,5.657838465839023,1.782512668104776,2,virginica
6.3107859877521495,2.8886124195308787,5.5664165977757625,1.7394159945850172,2,virginica
6.279631573518157,2.8679987453825215,5.63644939215648,1.7545758168661958,2,virginica
6.284752921270825,2.9285037122574575,5.5970488817092825,1.8219508349273883,2,virginica
6.335884190422663,2.8336927314430915,5.584796384070944,1.762329215066919,2,virginica
6.356887374805457,2.8968521495389723,5.621994393148347,1.8711640266854304,2,virginica
6.287110226933805,2.904703781480488,5.618359755530933,1.7907357612523516,2,virginica
6.352960418360375,2.9350633681416918,5.642591445728404,1.8036305390958909,2,virginica
6.287649195328241,2.887151214005121,5.586752976964123,1.7346070097893822,2,virginica
6.316438711385953,2.934806707452425,5.601220482992461,1.7814119774036352,2,virginica
6.30313221668497,2.910794358632364,5.614949496881048,1.874859628260964,2,virginica
6.26674467018906,2.916434411035615,5.629692693001844,1.8047735420229452,2,virginica
6.292039871109066,2.8599036489053327,5.577428323254131,1.8302949972977713,2,virginica
6.360632763625969,2.874902604175951,5.620732148467254,1.8226924670966898,2,virginica
6.342520374792069,2.9114977424882973,5.619535077140429,1.8378734530234972,2,virginica
6.254302786899302,2.9034429332724323,5.529956914472013,1.7215884474396395,2,virginica
6.268159836072754,2.839117098373624,5.622066538739652,1.841780299600877,2,virginica
6.28914683899899,2.8959005668490287,5.592043191221761,1.7909096860894662,2,virginica
6.306968675577161,2.9156860250881866,5.582785154249297,1.7696620234549296,2,virginica
6.2804240710871975,2.933858663073643,5.5844731116564805,1.8600738673746064,2,virginica
6.291679074377168,2.9566800732536556,5.5532346606503875,1.773420001059846,2,virginica
6.3207260592894485,2.921159495949909,5.595093930399479,1.88371839658762,2,virginica
6.304311873283591,2.9130712922284676,5.578441676462855,1.8681802065037507,2,virginica
6.335931350385364,2.91803184601649,5.535432776490535,1.816019672068329,2,virginica
6.482589577592726,3.017200572168558,5.83815463607598,2.171216907375754,2,virginica
6.510108098656068,3.0367246695434305,5.807908788730951,2.188121012704451,2,virginica
6.4587403340635,2.9744439709690442,5.750276224656705,2.2410554133884886,2,virginica
6.505524410225432,2.9524662325103765,5.801112377448494,2.149451666237999,2,virginica
6.369263033401522,3.0498552321000862,5.848369398008224,2.1420551601016884,2,virginica
6.472456492867473,3.009563490728217,5.785884098374292,2.1669240495837347,2,virginica
6.480646831434761,2.9916042201299224,5.779062916712293,2.2097021487359507,2,virginica
6.491949581707332,2.970701540778733,5.802200528979821,2.1345642506981375,2,virginica
6.559190655485928,2.9314438107063134,5.797866919970019,2.214826695455095,2,virginica
6.517810486376304,3.011641116731336,5.851842862710003,2.156078573788329,2,virginica
6.4983950904057055,3.0070369610821217,5.781277542856829,2.1773630106876753,2,virginica
6.552705355541357,2.9725925191030735,5.781956364058554,2.1900645175439184,2,virginica
6.492596134674213,3.007586823626677,5.792813942799678,2.216029790253693,2,virginica
6.506501215669157,3.0202796015277027,5.855864014881148,2.1672776196039187,2,virginica
6.567047302011886,2.9830816009662113,5.827637870162476,2.2074397562210066,2,virginica
6.489170274568579,2.922602220428049,5.86540513186672,2.1707553434739464,2,virginica
6.46951813948827,3.0434168913138384,5.803985939303238,2.276897612797719,2,virginica
6.568121032448888,3.0292451058647147,5.8110126419283485,2.2313756006646,2,virginica
6.448406388631701,3.0077845878343896,5.806818984070358,2.1821341751794954,2,virginica
6.511054181916463,2.9426907412364365,5.836882766350448,2.2522285846712333,2,virginica
6.449295926999324,3.006691405767653,5.862480906402287,2.217577686184518,2,virginica
6.459823475275002,2.9615487178475055,5.834842846355821,2.2738714808547638,2,virginica
6.457653549320075,3.0023519439142534,5.7699660842332285,2.18952428175987,2,virginica
6.513126922051299,2.999185161854909,5.773561727808695,2.2845107762394137,2,virginica
6.494528946436346,2.9935965980592547,5.84491582650144,2.2013000883211427,2,virginica
6.492761678763347,3.038515353003779,5.759715982066677,2.230522060350655,2,virginica
7.64172231729406,3.0271055314788033,6.593709224804695,2.1004814338922775,2,virginica
7.532642307571595,2.995622325160023,6.612270659283242,2.1352024219698498,2,virginica
7.606416530231347,2.9853470630208476,6.567527941885807,2.09896439524744,2,virginica
7.606110018270758,3.0487398563353114,6.601122191200453,2.0809267901088173,2,virginica
7.596516338348304,2.981623314194138,6.591460513780067,2.0133322747753,2,virginica
7.537661160891772,2.953449071375822,6.6191936209009965,2.0976526199345766,2,virginica
7.606561208938192,3.0467595970313694,6.559466634076257,2.145974383959072,2,virginica
7.615948597779234,2.9724677599008444,6.659642397354019,2.0442796168891824,2,virginica
7.5561283789536455,2.9924774216477923,6.616738107348744,2.093136000485238,2,virginica
7.516240215949409,2.988899693425691,6.597369538342987,2.201318761423002,2,virginica
7.655011414123154,3.0055564253815352,6.557556682749087,2.114204619171789,2,virginica
7.554578860684237,3.0086959615532636,6.615165072410893,2.0848352585828867,2,virginica
7.610534204840372,2.9876246993453295,6.578106042379471,2.1612921209403466,2,virginica
7.6236193184257806,2.98852394165507,6.570350906149178,2.1076554958348157,2,virginica
7.623036204046052,3.0342795958193003,6.658848972930538,2.1188637632728136,2,virginica
7.556436832137532,3.0807916924688237,6.646462121606961,2.1334525250354885,2,virginica
7.653409444054678,2.941832265055225,6.585887620674788,2.080415720172795,2,virginica
7.6475781810653025,2.9540103451538773,6.587881899856358,2.160521041860217,2,virginica
7.626158349306238,2.985398996331343,6.674795835983444,2.0481220047292745,2,virginica
7.618451199641995,2.991587137534432,6.620713754837243,2.0896760861555723,2,virginica
7.567564863168257,3.0089587627122305,6.548587409339287,2.12147970114192,2,virginica
7.587931405139036,3.036914372304601,6.5828668777691774,2.074003311517462,2,virginica
7.6162582119582245,3.0491921585933293,6.518804964369584,2.1051981726514857,2,virginica
7.625180077887627,2.944438538119068,6.565752802644583,2.1258320464630946,2,virginica
7.56786588496062,2.975300334355241,6.6681788964202005,2.0632768468107607,2,virginica
7.56640321710699,2.90920848001867,6.557262067322047,2.051900842297077,2,virginica
4.9680492429802,2.5484010415155334,4.450555209948128,1.7779305289837093,2,virginica
4.93078803725198,2.493296435637632,4.5322846746590395,1.7154242924405867,2,virginica
4.870232898338883,2.431031651330233,4.464523626888987,1.7001679121854063,2,virginica
4.886315798599672,2.4712028203941383,4.538799914176156,1.6583821445940254,2,virginica
4.935496359100826,2.4813391081739615,4.504652139263637,1.6561560901809111,2,virginica
4.900006175319678,2.469474692854401,4.43150337300261,1.6995554885855977,2,virginica
4.898292918684425,2.533006475074736,4.51151188774198,1.660323830177517,2,virginica
4.876118430080826,2.4023355271098716,4.456124640885216,1.751455662248005,2,virginica
4.960032123859282,2.530359338901759,4.512208913759179,1.7234460011835424,2,virginica
4.919464225803427,2.43186957274012,4.4658392210596105,1.7470123918256861,2,virginica
4.946820610050081,2.509733397220144,4.48801402658131,1.6850627095787327,2,virginica
4.878797069760217,2.463684928221083,4.424204409598665,1.7061176656464792,2,virginica
4.882383757995989,2.491776011852753,4.567916986991439,1.7235991962543318,2,virginica
4.872502878250367,2.523146723221417,4.4408082908056175,1.7417575382548147,2,virginica
4.910623883933717,2.49256299500441,4.522785689195684,1.757737422855048,2,virginica
4.881878840870834,2.461174197584335,4.583782953191987,1.7008256711357366,2,virginica
4.959277518773795,2.473487189649243,4.515165823592072,1.6748476868686948,2,virginica
4.925255136996541,2.4892618963686246,4.473690414958089,1.761570637046114,2,virginica
4.913622448748346,2.419863806211275,4.490860898296086,1.6638599471280926,2,virginica
4.851932140051397,2.4770574431428845,4.481245370279166,1.7014706190724267,2,virginica
4.868723856706731,2.426381767205726,4.478914598354277,1.7349879983087306,2,virginica
4.846012031111521,2.5246466421557927,4.518310170593528,1.6823515490931256,2,virginica
4.912380310252947,2.4703987893547206,4.48423702357456,1.6595862788368037,2,virginica
4.918549678179528,2.554468260242122,4.473149045041122,1.7475871711089022,2,virginica
4.815354864141186,2.4649262794735662,4.459885169205759,1.7684364104979056,2,virginica
4.87658871764682,2.531029079593458,4.418648096902043,1.704597116402039,2,virginica
7.322550388607816,2.8985769214599317,6.1917504838269615,1.807077616934212,2,virginica
7.332304738165388,2.9525969821085685,6.3158988675867835,1.732827539431671,2,virginica
7.291714403264573,2.936006635462664,6.267447766372562,1.8225319133923452,2,virginica
7.280964654241165,2.903706665101743,6.330219735568166,1.7717879541209018,2,virginica
7.414153950894484,2.9060744374906484,6.313692438113078,1.770463922016928,2,virginica
7.302495855845494,2.8893213409062652,6.241807252850649,1.7389148499836091,2,virginica
7.31145982026404,2.8965056941498415,6.195005923555868,1.7143679781926144,2,virginica
7.287683183599414,2.897258902208276,6.324282771572466,1.7505019992213293,2,virginica
7.323654703258535,2.8877077065108168,6.279724834074773,1.7943384704353142,2,virginica
7.339401089865368,2.922291144022477,6.3355587990331035,1.7725004832803988,2,virginica
7.288644433253224,2.853505253027424,6.277865240669836,1.7841431995719688,2,virginica
7.2813756362329185,2.928520663213124,6.317006230691439,1.830366519028129,2,virginica
7.305128619745127,2.94290241913333,6.304548221529027,1.838622100962182,2,virginica
7.320118542766581,2.929407519189201,6.297321207799659,1.7504529647557445,2,virginica
7.242209186974969,2.978295264993367,6.3155135961758475,1.817738275926171,2,virginica
7.2933240216551685,2.8816585374099226,6.414870953895485,1.755203727534776,2,virginica
7.29749057877296,2.897946388572198,6.254760454095806,1.7491306042975547,2,virginica
7.27187340262871,2.8862482720048845,6.280575224520866,1.8325293541325287,2,virginica
7.252852833866205,2.9161886792072864,6.35874440425105,1.835718401860577,2,virginica
7.254431529676929,2.781866083094063,6.333813189433378,1.819869203939033,2,virginica
7.276573669961351,2.951226726105603,6.283818446636687,1.8043180024432963,2,virginica
7.258474210691798,2.912763552126204,6.282789398284201,1.7798600155201285,2,virginica
7.343194264411791,2.9085773770428363,6.2401797845062195,1.8276608769750418,2,virginica
7.333463442995963,2.8667126826819596,6.28428091394108,1.802152580304849,2,virginica
7.290024822055843,2.904955594689678,6.32599699802308,1.7803290261137616,2,virginica
7.383231522484595,2.8715249946979915,6.278443088044362,1.8787538961277928,2,virginica
6.79538319360476,2.5015041290213853,5.792510309950088,1.757083524719664,2,virginica
6.745712254673023,2.506926213618002,5.766152400808452,1.8162369619494172,2,virginica
6.754819571068361,2.527430023494578,5.888326618269707,1.8463846692266075,2,virginica
6.717623135243679,2.4986889283159326,5.82200496331083,1.8486936220084056,2,virginica
6.734348996299102,2.5421931899862433,5.808915242334499,1.8306576140365345,2,virginica
6.74860928623767,2.4933828975285177,5.748154943266532,1.869048426995197,2,virginica
6.723333249638152,2.4824150590167893,5.809363974833239,1.7901184369383145,2,virginica
6.631798072686282,2.492656460446634,5.743041799205822,1.8081110299241543,2,virginica
6.695629400795362,2.5453437407223998,5.795198402121278,1.8149615112538109,2,virginica
6.688050598928816,2.4848072680244053,5.744104086747738,1.8396177768555415,2,virginica
6.706828884685918,2.4766870338963605,5.808335191590036,1.7834158935852928,2,virginica
6.671034469466838,2.509974874886361,5.8486026005063385,1.78922047875466,2,virginica
6.643012739791276,2.475413432174954,5.871894593085269,1.767554231568943,2,virginica
6.747518314588015,2.4904410580509793,5.8296074928522446,1.7957531260490338,2,virginica
6.636906247604302,2.483526267886588,5.884483877274331,1.7947316897150183,2,virginica
6.7225927196513595,2.486551320821081,5.794729021865908,1.8128954121891239,2,virginica
6.718967909111717,2.5887900743944763,5.799398489830991,1.7928216380142192,2,virginica
6.673544035342024,2.4475144537497777,5.735655155898161,1.8265710114505798,2,virginica
6.625589854210544,2.556296641204951,5.834411352805282,1.7882614772245562,2,virginica
6.653906777942553,2.501207497938801,5.800961731961095,1.8451698174736832,2,virginica
6.670422913141527,2.4849900357141053,5.797993532312116,1.7890189304024848,2,virginica
6.675142169531761,2.4315317900906943,5.734535137828735,1.7730957804950018,2,virginica
6.691138981286763,2.540071899534991,5.892493160640296,1.8686883892058066,2,virginica
6.715936277048288,2.5752610383326124,5.79549164404345,1.7790654029011514,2,virginica
6.792662951531444,2.4574649832158166,5.783568394824581,1.7896243570098394,2,virginica
6.758518405941699,2.4763731921458003,5.831392892554438,1.7838740127172588,2,virginica
7.151229661025649,3.6095845939212428,6.106883225462325,2.4539338583574417,2,virginica
7.165553085206017,3.568454223186128,6.138702177784085,2.5,2,virginica
7.209707884912262,3.61979533952561,6.081142757694007,2.5,2,virginica
7.176007256311011,3.546929831233396,6.072093760071734,2.5,2,virginica
7.203813915070886,3.6425076281856716,6.032699472198433,2.49144148731954,2,virginica
7.216014727066236,3.561748730440641,6.110205215143656,2.483884232154981,2,virginica
7.15506832533105,3.6450869767608527,6.044712711700047,2.5,2,virginica
7.183714031085212,3.5626733196284572,6.064898328672758,2.470784308981435,2,virginica
7.166389044859972,3.611040580361324,6.025580112768253,2.5,2,virginica
7.2336801067209215,3.655781237439402,6.0610034567411715,2.407621167408877,2,virginica
7.175356794830074,3.593604193337653,6.112439858392301,2.4795931689274786,2,virginica
7.196969498943015,3.6063103185152334,6.0384084400213025,2.5,2,virginica
7.1554652471341855,3.610873618253615,6.143489774125637,2.4690800148609746,2,virginica
7.200510460753137,3.665666824138453,6.08913946222109,2.5,2,virginica
7.212057839502305,3.609562246823127,6.129132245219543,2.4911913389273663,2,virginica
7.192068683628021,3.638907900983642,6.1109198287062645,2.5,2,virginica
7.152672302013307,3.6011653154475205,6.148990826916709,2.5,2,virginica
7.214283035825746,3.5798535246602268,6.0760659834173,2.5,2,virginica
7.257287100267151,3.6023042341414526,6.15273187250607,2.488617037914509,2,virginica
7.248605194212438,3.560652708099331,6.1080757868988425,2.4579440755506483,2,virginica
7.226986831168905,3.623507705406252,6.062664117535085,2.4708516592492438,2,virginica
7.182915318283581,3.5411210279375442,6.063600899007552,2.4660643285409924,2,virginica
7.231866085185564,3.655900210434103,6.0828647543233085,2.489111338287761,2,virginica
7.209152247494409,3.5797654959971617,6.089495189804969,2.5,2,virginica
7.2098058555962465,3.597213502665756,6.077734898488482,2.5,2,virginica
7.176086415870369,3.6054527289566485,6.059347840967614,2.476853292081913,2,virginica
6.504380718409453,3.1848376624166153,5.121918619228121,2.0033219948459973,2,virginica
6.445351147919154,3.108389293190321,5.140365470541205,1.9772762489956006,2,virginica
6.559703884672071,3.2011587490319298,5.070053787789392,2.02287645392165,2,virginica
6.489748284782701,3.2010784178875804,5.063451677196361,2.0260681437492574,2,virginica
6.544326637404111,3.179579631265397,5.171819526947033,1.9778342845863437,2,virginica
6.5105187339920025,3.1352113230089604,5.023721360424033,2.0845159566595917,2,virginica
6.557456200940077,3.246410808761032,5.032725871683632,2.009576583912158,2,virginica
6.51730971114919,3.2037119468761075,5.11242276997796,1.9638301035232797,2,virginica
6.494128640181442,3.15499455871338,5.086564801733249,2.015361796321241,2,virginica
6.4692628745352145,3.1894394129001515,5.083283251405046,2.001092580521361,2,virginica
6.537260263730261,3.2099241188618417,5.11626179343348,1.9429420733946599,2,virginica
6.485975834611951,3.23313863218764,5.066066601121807,1.9831396112311728,2,virginica
6.461731206564465,3.2537334031571694,5.082366089645554,1.971296488111299,2,virginica
6.525091651049242,3.2443384578229164,5.120154842478544,2.0396245238255117,2,virginica
6.508837536564203,3.1952445319330147,5.082790093297999,1.9800749845722894,2,virginica
6.476524350733271,3.21505862662334,5.095843443787802,2.003834086837817,2,virginica
6.524534731812022,3.198174843636842,5.045626755403229,1.968719394391857,2,virginica
6.455621763163679,3.1241505840687473,5.104493047644857,1.9524182656720792,2,virginica
6.449058691813909,3.1572693534566834,5.135174976950354,1.9878678211548197,2,virginica
6.540201728137976,3.1966862353936287,5.082854165860174,2.0228446424295052,2,virginica
6.524097476168774,3.20484981324803,5.05882398675699,1.9819817018413664,2,virginica
6.453026153446774,3.1899167926404566,5.10395338511193,2.0594690641630966,2,virginica
6.556659159717006,3.2272546165634455,5.138329448158591,2.0093866990952254,2,virginica
6.610943487297396,3.2612171933563734,5.205910590262692,2.015402726182718,2,virginica
6.516653398218515,3.2422107096387083,5.10768064461537,2.0125563481130366,2,virginica
6.460663485128071,3.2376939748506253,5.105526691066324,2.0324578221708895,2,virginica
6.391281776457571,2.6290916386490952,5.320128407133378,1.9466593663947624,2,virginica
6.348907735277179,2.661262401467515,5.288026853345231,1.890178837728727,2,virginica
6.33207879101901,2.7702640793638924,5.340465691071058,1.875398611780173,2,virginica
6.327584501967485,2.7145248842794727,5.379364623132526,1.9331476644722627,2,virginica
6.446188569461859,2.6623691729519674,5.309314999602226,1.840024888679774,2,virginica
6.479146068095156,2.722786642367428,5.215800349086933,1.8260940498700058,2,virginica
6.419180823116277,2.705504901047719,5.287561391501279,1.9246172410667794,2,virginica
6.4802847337455844,2.7146258243477432,5.22783129481992,1.8936167796785697,2,virginica
6.347528211275853,2.667796632482942,5.3129655061395855,1.8931102615606032,2,virginica
6.357317406434042,2.69879863017382,5.267203119115029,1.9210026641904445,2,virginica
6.390097957644604,2.7154080574744865,5.2890591674795315,1.9296705604936881,2,virginica
6.394285738515636,2.6992041393831405,5.277092436860027,1.9053640943906618,2,virginica
6.328735469325288,2.8063156615104234,5.272414336981397,1.9035816489219384,2,virginica
6.3806474320883995,2.680084404809456,5.315676959901958,1.8791444206070593,2,virginica
6.3824389597538875,2.6444291625439225,5.262592987051048,1.8527615607332646,2,virginica
6.47158097770715,2.64614498784218,5.2565618792126,1.9071969068909935,2,virginica
6.456591300780348,2.631722534012043,5.237509612149688,1.9044370659672696,2,virginica
6.412923727390243,2.642803974660813,5.227369576422801,1.8609520375672886,2,virginica
6.429266312628646,2.6976378821721076,5.329157854484802,1.8950598620003964,2,virginica
6.398006627274679,2.7238674598280257,5.294560791678092,1.908725976613616,2,virginica
6.362815389961711,2.6752703996933813,5.318000084414256,1.8896537764533996,2,virginica
6.369342718182478,2.7255344610573284,5.321085251531503,1.8989294028837345,2,virginica
6.368854287120294,2.7350747083082885,5.399068521011287,1.8663089110296436,2,virginica
6.337528433325378,2.667984640701017,5.261833589675289,1.848577592944694,2,virginica
6.351837359437622,2.733035630307594,5.333497738852619,1.95832498357749,2,virginica
6.428959148306702,2.679992751481919,5.342464501299177,1.8746134719181478,2,virginica
6.7851709403989355,2.9521380751700557,5.548107266158138,2.1394488604471866,2,virginica
6.7804807775307365,2.986590007398987,5.500415356559594,2.107028645385834,2,virginica
6.832762916599152,3.0016251086519725,5.514981571799035,2.0389557193127277,2,virginica
6.786885833114546,2.927221733940025,5.570224151686485,2.15470950700639,2,virginica
6.827525671577258,3.043329322710843,5.579034640004354,2.136444270509644,2,virginica
6.7351919628613235,2.9905999106231853,5.404699916458977,2.06626239422355,2,virginica
6.749070578363463,2.9984669721638673,5.514366571812458,2.0616610653433596,2,virginica
6.787439547250549,3.0099195306303845,5.492455624903816,2.091573321453498,2,virginica
6.702553265241541,2.981048697083311,5.530360262695519,2.1089859352348874,2,virginica
6.7393530385511875,2.9877344606309215,5.509270186814001,2.059662249808932,2,virginica
6.825580387437344,2.966547680495039,5.485353358886718,2.0942229219900006,2,virginica
6.8876261118455115,2.985740720163124,5.4757204595643465,2.1271873992935593,2,virginica
6.779709696110594,3.006279112309875,5.408408077621158,2.1104601122332403,2,virginica
6.797761471063258,2.946928863140708,5.552799118838267,2.088989275547847,2,virginica
6.7906903405182595,2.9459682794406112,5.433507178585105,2.0757861737087775,2,virginica
6.737605112335018,3.0181200359359033,5.533260736261254,2.073106352823605,2,virginica
6.734132112976398,2.9827253350497918,5.456066158287958,2.105142327825197,2,virginica
6.805655240700844,2.981407980922622,5.501382028788903,2.1400652509467455,2,virginica
6.866577830041718,2.977556375227336,5.5273099368713305,2.0889069561732176,2,virginica
6.7561169865432955,3.049669184122292,5.514097690367194,2.1040106139965538,2,virginica
6.812565280552182,2.9918750808624393,5.45625963660763,2.1693837259640985,2,virginica
6.834344711891552,3.0088900147868323,5.536971493583722,2.1497779791467955,2,virginica
6.790363690012767,3.0218330759363234,5.485377483504017,2.1241271949984815,2,virginica
6.788176728810507,3.095705293376193,5.48405949888376,2.1189723277176835,2,virginica
6.816867447882277,2.9849515865428975,5.5357896564440106,2.094999371376351,2,virginica
6.781863320213857,2.99839809395596,5.46830688386249,2.146198018109294,2,virginica
5.7233406679924155,2.537615315424951,4.944302537515693,2.0091666443878915,2,virginica
5.667584564752412,2.50179022817953,5.049292367564092,2.008612520648158,2,virginica
5.691312192859105,2.5431354678198783,5.038767724771735,2.072267020752558,2,virginica
5.623914716278136,2.5114331806493233,4.981682337215123,1.9633632675147195,2,virginica
5.702948596855198,2.4518430143566268,4.9090047054648025,1.962245624502371,2,virginica
5.687894115940599,2.5730003325281268,4.969488667680816,1.9516002755378568,2,virginica
5.6192476402826514,2.4842810171754994,4.988742247199706,2.0042755666193988,2,virginica
5.640506613436679,2.467861421974766,4.907653110547977,2.005070588584305,2,virginica
5.635576646339627,2.3884785497855017,5.044758428679965,2.0185569883448324,2,virginica
5.712402600739376,2.5123715868830447,4.956940176032891,2.0412984213333076,2,virginica
5.65642983476215,2.5748197915613753,5.007395993270472,1.924587386936447,2,virginica
5.733119913067663,2.5772927236521843,4.98818847449536,2.0410285944589046,2,virginica
5.689897833675409,2.4732692210350034,4.89511254583294,2.0478436627050933,2,virginica
5.680586471196222,2.5135994325060675,4.953051142841426,1.9620555073586956,2,virginica
5.743113189975784,2.4829601956669194,4.982372044727652,1.947996429540805,2,virginica
5.706833027714501,2.529600608270593,4.980017148416977,1.9909480623934406,2,virginica
5.649605184299952,2.5546043749892493,4.973715334618116,1.9922563301314136,2,virginica
5.76593005046113,2.4894264047359176,4.936341530448644,1.961411552597593,2,virginica
5.6841536149128835,2.5699872080015154,5.007526948575419,1.9895575993068972,2,virginica
5.731835369720121,2.5509215617564207,4.968190691409007,2.0561743786948012,2,virginica
5.733122687865194,2.5166997698969356,4.903695512426352,2.0065819213993894,2,virginica
5.754718666925989,2.4877327543362653,5.091573889630137,2.001725597561831,2,virginica
5.657909232013951,2.522648904817754,5.010638974477088,2.032334519260165,2,virginica
5.689897602795323,2.5512717092120116,4.9765013212527665,2.0041848111009664,2,virginica
5.648691508632853,2.4667047721247797,5.007105803612837,1.9724766730806536,2,virginica
5.680818690359207,2.4906238154602085,5.009160824828951,2.029863125298343,2,virginica
5.829948446560933,2.8402748180252733,5.107271507476059,2.377026043214232,2,virginica
5.735031815876765,2.7850003991032604,5.066906091516344,2.3257384050450356,2,virginica
5.865592263044807,2.7247757822971925,5.113439263616114,2.4215148411432574,2,virginica
5.789608046589944,2.9036292569003264,5.09992618629001,2.3681115135197053,2,virginica
5.870298217091252,2.766737565651938,5.041032611004195,2.3584217493446236,2,virginica
5.773119178935731,2.8009468635227384,5.112761829468379,2.3375111058621636,2,virginica
5.813273086125639,2.8895380260539,5.070169380492337,2.39376445672904,2,virginica
5.827288854149209,2.8479345220899304,5.0720354989629906,2.360096655459304,2,virginica
5.7582069009113175,2.8435614788378456,5.1356099375723545,2.3113173875821182,2,virginica
5.712333222768583,2.7489146528855604,5.03824783677982,2.4157116949962356,2,virginica
5.808020156701714,2.878610625407496,5.131338352506123,2.404062564911046,2,virginica
5.8470123554355515,2.762900496098856,5.042383383422753,2.4004503172807703,2,virginica
5.837232886551619,2.7333753584385625,5.1354426356953,2.4340081174949613,2,virginica
5.778779429918225,2.8059902814899305,5.087998132804327,2.402416388178045,2,virginica
5.831911748687132,2.7664920290402257,5.141357367839165,2.434470843119323,2,virginica
5.83597544261872,2.719101271150091,5.023482114284069,2.4272335539861754,2,virginica
5.775298213029331,2.7710560446236006,5.068054611351485,2.3445821054248346,2,virginica
5.787458981479148,2.769751561128088,5.072465599877332,2.418558689775771,2,virginica
5.751062318692605,2.8448031773681897,5.008760378632862,2.5,2,virginica
5.743809887705172,2.8227978056534737,5.136205561515759,2.398933220045717,2,virginica
5.829359044710718,2.794689813187697,5.027432819583298,2.4131132769873807,2,virginica
5.845637299286871,2.776647126794216,5.030016837720031,2.374574036416858,2,virginica
5.812315251051126,2.811373637576484,5.144067348306532,2.42179029639614,2,virginica
5.81972786400184,2.717580465902491,5.189811967764076,2.4010924977726695,2,virginica
5.834228534521713,2.7849905687330287,5.092918082633234,2.401535674138267,2,virginica
5.863287033194298,2.8609142504055334,5.1243271319172585,2.480055962120678,2,virginica
6.38307490965476,3.220299753364734,5.280622136493387,2.352026890443291,2,virginica
6.40073318153337,3.2391528709735233,5.369577518539438,2.2147587446009207,2,virginica
6.487865524642952,3.2123404641132387,5.28632581171865,2.221147795865066,2,virginica
6.3870167747173054,3.1054807336911656,5.302997319021419,2.292457873358301,2,virginica
6.473911801163039,3.1860650935595354,5.343265102541988,2.347113588872035,2,virginica
6.483816151731601,3.1893483509432077,5.330608662718907,2.237353329635813,2,virginica
6.354149612192928,3.188343350315093,5.29858506180355,2.2498232747052476,2,virginica
6.382682405949815,3.2282653482001527,5.280899199478551,2.293263068726201,2,virginica
6.363156412416232,3.2562226040031192,5.372529555420195,2.3080459597543346,2,virginica
6.394969698960192,3.267906402311055,5.319301863401588,2.272244183858663,2,virginica
6.34441766010903,3.1755516108071764,5.389703078609138,2.2754021373056026,2,virginica
6.51820483956383,3.199657042391409,5.2908855676018245,2.3540184633448784,2,virginica
6.389706204437672,3.215312497362808,5.257129048932315,2.248735614097885,2,virginica
6.369524697535669,3.208935439132848,5.272543834173542,2.2192549316540444,2,virginica
6.419356112822463,3.193065740513702,5.288362192175812,2.274679939798209,2,virginica
6.307431180347629,3.2650640816744594,5.280144320320715,2.321492002192614,2,virginica
6.4570226602763405,3.246214924628235,5.308187206911821,2.300264050110187,2,virginica
6.412463940178038,3.23712621463632,5.323669410808876,2.2815581688557236,2,virginica
6.418385070067697,3.215419273434845,5.328438114122006,2.30833503106558,2,virginica
6.456160626039007,3.208192527519073,5.3364061530700795,2.301724238189293,2,virginica
6.376356676302504,3.161098980196278,5.293410158858831,2.321936913304993,2,virginica
6.4519771215238295,3.196263388493304,5.278607787821607,2.279085712682387,2,virginica
6.45291996829507,3.2043024107062803,5.279409026913735,2.330330947804801,2,virginica
6.345743050544572,3.2047404939176953,5.298198023114573,2.2944487627444263,2,virginica
6.352603633867814,3.2402449582692125,5.368999361260496,2.2456339492932362,2,virginica
6.404890932958067,3.2264361870197806,5.392599616149114,2.2828887906534385,2,virginica
6.46106292653345,2.9997918856568933,5.582584211625542,1.8028294205367061,2,virginica
6.510838692752155,3.0727930477058174,5.412382142468936,1.7111094536213987,2,virginica
6.537202915592096,3.031761609545363,5.443121519433177,1.8212210980760204,2,virginica
6.501676927514744,3.008899478615814,5.466996956579465,1.781402125764056,2,virginica
6.464020652477462,3.0020841323845784,5.490510205358087,1.8690030333271823,2,virginica
6.525751426863699,2.9354410190180293,5.517045697568654,1.8587356262102555,2,virginica
6.511542003091389,3.044543252469684,5.498593269511003,1.8288961084622881,2,virginica
6.46164315202925,3.0322527566712565,5.443450640322643,1.8529980244025566,2,virginica
6.4379233067921575,2.9132344465764177,5.521753031376914,1.7929178925888791,2,virginica
6.504670471318063,3.0175368990412603,5.498879380384102,1.7636974920182151,2,virginica
6.508658350347772,3.014249538068441,5.520206573194315,1.8814792275588514,2,virginica
6.469848694575199,3.0027513209075902,5.522961063383574,1.7816605208238585,2,virginica
6.450833968861102,2.97672028423067,5.543661652704432,1.7889448742205565,2,virginica
6.525101010125128,2.9698738031232454,5.518297821688248,1.7722805300440152,2,virginica
6.465438765889156,3.004607239171863,5.502134863018687,1.8604526657648357,2,virginica
6.433351524303768,3.020878116356258,5.566119833556222,1.8558680015426758,2,virginica
6.484249665557913,2.972038431010715,5.479692837710185,1.8123396325459038,2,virginica
6.507766892685438,3.0143387023588892,5.524555909379743,1.756099914074908,2,virginica
6.453719969831598,2.949674069333675,5.4449304945899115,1.79592673470463,2,virginica
6.512773505361799,3.1038882340844975,5.521882856126664,1.8006986746128195,2,virginica
6.558220698032628,2.9698694068084484,5.513927675135122,1.8399494919645003,2,virginica
6.532267126610213,3.01656878700031,5.485690492322387,1.749056267266111,2,virginica
6.493709471992296,2.9755689261314022,5.528260251989267,1.7944050256773685,2,virginica
6.5230400609705255,2.933990103666545,5.5399134946960915,1.7650307109155197,2,virginica
6.435920391589813,2.9435492261918377,5.474236329518069,1.8460808390229277,2,virginica
6.529254410879511,2.9518686739564792,5.5035476198955795,1.795692182230892,2,virginica
7.635698567759705,3.75936417783006,6.61644318897722,2.1643258094552422,2,virginica
7.591314956365938,3.7673819628351466,6.661613027672435,2.1673190792375174,2,virginica
7.666240397161254,3.847404945745545,6.685719591721369,2.2098861819793947,2,virginica
7.7309382373647635,3.836910398612006,6.727877152958446,2.1773066077321817,2,virginica
7.655029657744631,3.7681071689530454,6.680634205249431,2.2001992144565112,2,virginica
7.696480542004407,3.844893465738984,6.695772902683597,2.2734207289279476,2,virginica
7.74218091650552,3.780255068732392,6.735237369762459,2.0822700620340395,2,virginica
7.756402777235329,3.8168481161733965,6.716255230248962,2.1310582454246934,2,virginica
7.8031832567878405,3.789575299964175,6.69412734467341,2.2460682739407813,2,virginica
7.6920561351767045,3.7651701223302094,6.726942469135324,2.1584973783102956,2,virginica
7.730386328655834,3.805622778372539,6.746110575080879,2.1504348601373784,2,virginica
7.750952775512566,3.812011306337894,6.780764823409526,2.17333811035536,2,virginica
7.7759661623961165,3.8287803339364044,6.732273997093824,2.1702323481625845,2,virginica
7.722829385215642,3.827400105661472,6.6660003830583845,2.1526580163088376,2,virginica
7.668368162098802,3.8598180847694663,6.7064002993379574,2.238315788557001,2,virginica
7.711816212655826,3.804751850003572,6.70907939602955,2.18319035784712,2,virginica
7.749939516847746,3.8070751514406025,6.709191969089007,2.1433741893677873,2,virginica
7.712629963827013,3.772376911400421,6.679499238404509,2.242392950074996,2,virginica
7.655321945330533,3.791812989918115,6.725704598839556,2.247100226765197,2,virginica
7.678789817746668,3.81305480539274,6.7116774254415486,2.153821684639694,2,virginica
7.612474130295669,3.7211570035723387,6.724513765354545,2.2041727901971826,2,virginica
7.645183487432563,3.773813133276405,6.683629705519521,2.1853421725959197,2,virginica
7.698740527682732,3.8902126250162983,6.668008797206293,2.2058294022242855,2,virginica
7.6684932624209585,3.774273150631537,6.663979633805501,2.1905476682102685,2,virginica
7.677371020109292,3.8142476933474443,6.708668422024556,2.1634628787617984,2,virginica
7.778351234054507,3.7521679844596867,6.714501115583766,2.2886074733903348,2,virginica
7.670816218711521,2.654156984087221,6.957986010978803,2.313806493188427,2,virginica
7.624418768977356,2.6580150850053528,6.903744773834696,2.2776115135906303,2,virginica
7.75212337914949,2.5703460221357446,6.94347955819242,2.277556972323761,2,virginica
7.721868867195915,2.5559770452600796,6.883782151392418,2.262543148012928,2,virginica
7.670878094262641,2.6075980497048663,6.892976824295533,2.3076511570416924,2,virginica
7.752378567649635,2.595280506750068,6.823965049415016,2.288193993821333,2,virginica
7.703236931174644,2.6415789660283684,6.942199468880954,2.338790353202667,2,virginica
7.69066880194448,2.626330804835679,6.841034279628427,2.352775405969965,2,virginica
7.7178702545308395,2.620711557405996,6.8844774722381885,2.3022471120497783,2,virginica
7.672644428976008,2.6231112955106033,6.845704182820508,2.339658389659352,2,virginica
7.722189187715698,2.6827065396512544,6.898395313081576,2.2961755379861115,2,virginica
7.7078759215932875,2.6014778234058977,6.895593026629839,2.254920075494916,2,virginica
7.65480547705339,2.5768302038899447,6.888104873677019,2.251499915406668,2,virginica
7.652547359529304,2.5883824206149013,6.930268480774309,2.292182923746632,2,virginica
7.7276855343480655,2.639699698133457,6.931366802820294,2.28277428369985,2,virginica
7.683457117763863,2.5238163099494484,6.8720742778357895,2.319109915732548,2,virginica
7.655561326449896,2.6552886907077102,6.958560417371031,2.284920099294762,2,virginica
7.737665815496663,2.5420915531712405,6.857153944211849,2.284783238328277,2,virginica
7.700351293348248,2.592401186475524,6.8647717622558915,2.3803045880275553,2,virginica
7.7118897754747175,2.6116974857959057,6.92781805102035,2.3071665190782245,2,virginica
7.690553078053458,2.577261564923168,6.833116458606687,2.3610335160334364,2,virginica
7.662379687116534,2.532064998983935,6.867003979180542,2.2345638433185253,2,virginica
7.781439016977336,2.6149124016118295,6.957535051093688,2.3593921960146473,2,virginica
7.723219842077587,2.6233910404357195,6.870486821120289,2.2965603500842735,2,virginica
7.6753297031293615,2.6017421782638572,6.871438564383685,2.351725288234109,2,virginica
7.731211723189002,2.595654641451106,6.831765851732713,2.327958654815968,2,virginica
6.036105654232644,2.197211845053853,4.948520107462837,1.5176595389780265,2,virginica
6.042884859301736,2.121739465563516,5.023118223101612,1.4258923969199038,2,virginica
6.003221217179352,2.2712864833977924,5.0037444226919,1.5195962185358816,2,virginica
5.986878124369873,2.1997255681866683,5.095890322749744,1.55442230120306,2,virginica
5.987179386247739,2.18445853470047,5.000741641912326,1.5895073028499593,2,virginica
6.008519808552883,2.245382134577749,4.985150326014878,1.4480978530713817,2,virginica
6.053996634977384,2.196887268721081,4.968031813428874,1.471758888475602,2,virginica
5.972636921703757,2.175261072967128,4.9372226223278695,1.5489593769773675,2,virginica
6.0155800270609605,2.239738947575762,4.985977829649265,1.5141342243669098,2,virginica
6.006806946833397,2.247849775216637,5.033195242531356,1.5146057743064307,2,virginica
5.973554486718866,2.1510746261770857,4.9674312106942695,1.4741929757455634,2,virginica
5.978062769887948,2.1496602261591677,5.067594597021671,1.510980832914385,2,virginica
5.9179359690206415,2.1555569920521673,4.945463436459555,1.5097061000099556,2,virginica
6.043389073462436,2.15987709912274,5.0251788278628196,1.488762806575535,2,virginica
6.046736143972594,2.2555218532993804,5.012645336233103,1.5291924248673665,2,virginica
5.999876585523046,2.184818332518449,4.952744209408704,1.5132855713467175,2,virginica
5.997147522405558,2.184406279337967,4.996901488649601,1.4924711774411632,2,virginica
5.957852456779206,2.178564435289781,5.046364814755731,1.490540634916785,2,virginica
6.056650307760577,2.1531894689590296,4.945054941772813,1.5051680349739032,2,virginica
6.031472085078941,2.173383263319271,5.025353138060209,1.5378500160072162,2,virginica
6.043514728898819,2.1955000806022085,4.9979151594898426,1.4330827888314823,2,virginica
6.000931636418756,2.211377380216321,5.057259692445131,1.4484805273278905,2,virginica
5.965703284025353,2.159426746071812,5.036391623538614,1.3975432678429556,2,virginica
5.9561596712206155,2.2834827242684805,5.026585354134867,1.44619205076321,2,virginica
5.9975735394325325,2.2342612072788355,5.022288087317966,1.4910408704783258,2,virginica
5.967933583087418,2.2336767859339046,4.99974324338755,1.5327591886992764,2,virginica
6.916076426502644,3.181122611202275,5.758307345314962,2.2798308435462555,2,virginica
6.9174268183922045,3.174421951902567,5.690688473696817,2.2899051034609417,2,virginica
6.8732729979990275,3.209613494492788,5.752951516305209,2.375135637669904,2,virginica
6.958010684102729,3.193039937041961,5.758864766206924,2.3169274098916337,2,virginica
6.9725864628460625,3.1491471928177086,5.759861551092623,2.2758369144022508,2,virginica
6.94672315791255,3.1811913238311074,5.7368408482744595,2.2886420673125016,2,virginica
6.824151418791955,3.160947301916487,5.690282201843709,2.300976896450792,2,virginica
6.809677397748187,3.1516755598742967,5.670512106221534,2.291468780518972,2,virginica
6.9089061090131825,3.166903481280399,5.638827253151981,2.3122001635072014,2,virginica
6.886620241271419,3.2358056311463574,5.678807695963074,2.326007669008905,2,virginica
6.8641088381917275,3.2108107696101573,5.703637385187874,2.3181289218307746,2,virginica
6.862374414034187,3.1951005073476937,5.665822298974948,2.293535239942517,2,virginica
6.925072839881,3.3202535488332012,5.7014223468215395,2.3288143990625643,2,virginica
6.904572194436627,3.245705749462345,5.7186403525769895,2.3421118689273324,2,virginica
6.914349391785671,3.2966782761580466,5.75550737225319,2.23151738077211,2,virginica
6.912128683628379,3.203215029670481,5.611311110694259,2.265430634823093,2,virginica
6.881559602360057,3.1705397291838504,5.70531424278575,2.227922633942817,2,virginica
6.930145018418236,3.2312794000520584,5.714320294285526,2.286874260611243,2,virginica
6.900337866296207,3.181450973405805,5.746204296284736,2.3204918482123182,2,virginica
6.980306023951714,3.185400479528759,5.758499855829469,2.277024367811753,2,virginica
6.893338478329845,3.15825328948711,5.721247771189192,2.297818494856034,2,virginica
6.925170267719399,3.260102802158624,5.697975611949505,2.3154986646281195,2,virginica
6.9363538823715025,3.1978677307682952,5.678251055196882,2.3145953298762447,2,virginica
6.920460452630433,3.2315758881903265,5.733671859288298,2.2734145991511965,2,virginica
6.918116219656472,3.2496830724025463,5.681635924700109,2.314834606737009,2,virginica
6.875420760631438,3.206977605795913,5.769957409590761,2.307223222977504,2,virginica
5.561519475752044,2.8141441192311256,4.9089299625351,2.0450511535453795,2,virginica
5.545227472799451,2.7635317061966047,4.897160096905365,1.937970958846571,2,virginica
5.645871110051337,2.7190633694152457,4.8669801931307335,1.941048033379955,2,virginica
5.573994491835521,2.832429314121302,4.924458551789557,2.0374502713901745,2,virginica
5.624499632967211,2.718782660126512,4.912395527445794,1.9262705247296443,2,virginica
5.580120857496025,2.784560767127217,4.878493211317328,2.02002304189259,2,virginica
5.567853073456666,2.869750357146634,4.924295624700222,2.0476626931521764,2,virginica
5.630726620307401,2.8361236117932362,4.898616823160677,2.0790726572393186,2,virginica
5.558113524191848,2.8188218458249854,4.900485118902405,1.9913540396784646,2,virginica
5.6130836432286175,2.7702738391993074,4.935171291249203,2.0318110268192595,2,virginica
5.604246885069967,2.8299079987602034,4.858689335306691,1.9278236613071174,2,virginica
5.577081169431207,2.79084513366859,5.000260247464248,1.9911922050048756,2,virginica
5.641716493972715,2.834237577877989,4.984918856435949,2.005019970557549,2,virginica
5.626551782972724,2.7925915048314223,4.865694685379395,1.9600863828927877,2,virginica
5.568938386476281,2.857606954517899,4.911798706407883,1.994188471503677,2,virginica
5.60106523477683,2.777750659704834,4.899013848154184,1.9987497877142808,2,virginica
5.626480132134221,2.8368812444960634,4.83483627057635,2.0096712197863256,2,virginica
5.655469828431595,2.759468537237411,4.890348300985227,2.007134112036581,2,virginica
5.6444796456391,2.824280658712241,4.891608219592605,2.020431381507222,2,virginica
5.641921932953629,2.8160307335527945,4.974841109387853,2.0173486428250342,2,virginica
5.558343892388589,2.769012384664047,4.895039632109947,1.9921282095685533,2,virginica
5.625304626186363,2.8146144004989084,4.969121421377856,2.032944784475519,2,virginica
5.659939050882219,2.769902961974492,4.883359924013955,2.02790075055546,2,virginica
5.604180972505812,2.8256342061665203,4.910544345489243,1.9756781167296202,2,virginica
5.668744585210191,2.8462677211984455,4.838329455304033,1.9758736492174351,2,virginica
5.60149515379697,2.827792131509157,4.89771521027426,1.9460863536176563,2,virginica
7.733875956535019,2.7923243065475964,6.748779939877186,2.0127635846137375,2,virginica
7.740742204074041,2.834107229586537,6.736022553417396,1.9803554886246852,2,virginica
7.741870529276219,2.808885233990737,6.650855945367851,1.984972171880256,2,virginica
7.687268651291409,2.819525597308286,6.728180088867545,1.9562230931857199,2,virginica
7.729795297621244,2.798229032382663,6.658618334660699,2.03415598829805,2,virginica
7.670436926175035,2.753193738284477,6.731111414562497,2.0368352841674238,2,virginica
7.674548715183459,2.8431403024488517,6.740969395573267,1.9802241642570741,2,virginica
7.780749649685552,2.7986266510131257,6.709971244341808,1.905694585708682,2,virginica
7.72638975306407,2.776276823840859,6.718611674175882,1.9327321952261869,2,virginica
7.747216802566602,2.85921292165657,6.7765029809686474,1.883154046270672,2,virginica
7.724559006433434,2.81488807606921,6.580502715250789,1.971939599968106,2,virginica
7.697816822122759,2.858019770791296,6.667985358973316,2.0095064590333878,2,virginica
7.699026188177716,2.8159357918839336,6.685465211036206,2.0370284931676284,2,virginica
7.740219391565273,2.747082407973508,6.746205517962674,1.9716275942331134,2,virginica
7.690536047416938,2.84642238081217,6.705474320296813,2.0245387586028247,2,virginica
7.733098342153982,2.825538500574783,6.6801736623717645,1.9636865114436528,2,virginica
7.728915936195115,2.8320010983918436,6.716025728069884,1.9942420276715027,2,virginica
7.736011250068539,2.800768433163922,6.647208242266365,2.0130927237541756,2,virginica
7.722014022406811,2.8328105957506873,6.666332122940852,1.9720051881857565,2,virginica
7.715240778878154,2.7841963325983983,6.699388929591585,2.0395273155487597,2,virginica
7.717835063077446,2.8749597961137097,6.7138126610699365,2.070467260848886,2,virginica
7.744766995333372,2.9039014694405885,6.703125817764397,1.9991283784437794,2,virginica
7.754654368416067,2.7821345203251977,6.684248173042035,2.0126285497114864,2,virginica
7.717847011150459,2.7470288881795217,6.713104080057277,1.9906653455242438,2,virginica
7.701996486773636,2.810121055608178,6.69556047351778,2.045913492688224,2,virginica
7.722654548109933,2.7958731900736513,6.70640907670197,2.0447911117551274,2,virginica
6.334737911791601,2.7539265525973575,4.898109099839729,1.8091148574383662,2,virginica
6.383711473439771,2.702227998108829,4.970598675296141,1.837370484872514,2,virginica
6.286791510265337,2.6482830688922334,4.929152402203117,1.7759142172312632,2,virginica
6.27578925519938,2.635197262570025,4.951149178593935,1.8080877636239479,2,virginica
6.305045279951859,2.719733554222158,4.913736074329764,1.8078695798510136,2,virginica
6.324629400742074,2.6931678997316713,4.801567805136403,1.8334668820531446,2,virginica
6.321038108891675,2.7050815532937817,4.967270968550951,1.7487228693290306,2,virginica
6.189195353818601,2.7632855354181194,4.920637566675785,1.738916192679775,2,virginica
6.287988634418283,2.728781999850821,4.855984122328245,1.8262249224867955,2,virginica
6.388308749037159,2.759389598710126,4.902955840664233,1.8170133926128598,2,virginica
6.266520566462075,2.7094333046219563,4.890989487823573,1.7647012523959533,2,virginica
6.250844849316473,2.7808506764220198,4.907604005110488,1.7635798173754784,2,virginica
6.287442817824096,2.763237814359438,4.968530925300948,1.7797547036362946,2,virginica
6.311930572070854,2.7395478043851442,4.89040050455459,1.7574764861944854,2,virginica
6.265428931365901,2.704574921001163,4.873479888908753,1.7526863315415364,2,virginica
6.294765021167529,2.741132952652945,4.93123534826327,1.7950377219823568,2,virginica
6.379874025638251,2.6729052923663232,4.901108169171337,1.749874362770825,2,virginica
6.334975133338639,2.6991130828655097,4.837280166184613,1.7711832442553517,2,virginica
6.375375379979266,2.732714541867539,4.908426828725226,1.8383339093991,2,virginica
6.240567264485566,2.6711455180043897,4.851327613970156,1.771108552118385,2,virginica
6.288762604730035,2.7249573758879775,4.943908220144868,1.8427829921089078,2,virginica
6.410503167995143,2.684299855270541,4.903124238272574,1.8240586281389024,2,virginica
6.2709767864681805,2.692437590546214,4.920058796468396,1.7687678358900596,2,virginica
6.3224871003724665,2.7524368174228537,4.859495138142626,1.713071471366147,2,virginica
6.3070530454980185,2.6624017298237144,4.910584837854439,1.7858550430614104,2,virginica
6.315748177252437,2.748596255264377,4.936097809337814,1.7894134429647701,2,virginica
6.6571671720765195,3.2049348990287934,5.617210534361351,2.0718790908083284,2,virginica
6.707237094434857,3.276457611097289,5.679526953064734,2.039656253103486,2,virginica
6.637483386212842,3.2344162594557253,5.72743669026204,2.0240140593666998,2,virginica
6.729386377661609,3.2665134846712176,5.723529633249097,2.1115958710484537,2,virginica
6.7319151135806905,3.3490233004470586,5.67057834743912,2.062998119901244,2,virginica
6.684009018867527,3.2706000978770087,5.727417163722564,2.096540174076097,2,virginica
6.701150487262646,3.3173994979222856,5.681996767507952,2.144346974949137,2,virginica
6.627558033348738,3.309861392086949,5.72037918507391,2.0699611273967022,2,virginica
6.672881533536044,3.3363148553466613,5.6876615799744155,2.023901322241482,2,virginica
6.646607525821641,3.3402923721536597,5.665172032437814,2.152287479122259,2,virginica
6.7546218454493365,3.2921308740682327,5.721718396367153,2.067195401824457,2,virginica
6.684026038286505,3.2722444250238856,5.723453652803266,2.048957099763938,2,virginica
6.694748349975839,3.301935472630543,5.720505218331705,2.015467762182513,2,virginica
6.6287246364960035,3.2648460859459623,5.690925336521583,2.1053457588706372,2,virginica
6.707427754087633,3.379995072542111,5.725763487093391,2.123077517673971,2,virginica
6.68027500850095,3.3308163539350164,5.727131075553726,2.126293923681037,2,virginica
6.695116143624332,3.3243856321304217,5.760202869183836,2.067883494385538,2,virginica
6.613679590453082,3.332128487116085,5.728685103836678,2.0903253271590896,2,virginica
6.681866474327658,3.4090781524910234,5.681011817224635,2.051020810586252,2,virginica
6.680490073298134,3.31938681520391,5.675142932363796,2.0839657634632998,2,virginica
6.711554521617219,3.282356033514971,5.704451844512414,2.0977152750958994,2,virginica
6.6571590120279565,3.302218054183573,5.653229407469414,2.1363876712920877,2,virginica
6.662282809525707,3.2898607921327816,5.627100648778801,2.08156369571462,2,virginica
6.649668687938078,3.358576529869941,5.694469862393711,2.119997953146037,2,virginica
6.62980350995988,3.2500333541240356,5.692485379689616,2.045348156540192,2,virginica
6.744528655842914,3.2831911311744992,5.705108549644089,2.111180735024015,2,virginica
7.193191667417499,3.2298347289216367,5.972429399125005,1.8136089687540324,2,virginica
7.246550991119292,3.207520617559468,6.00401633546897,1.7859020347168948,2,virginica
7.201351406055686,3.225771085777157,5.989348332884685,1.7325190958684982,2,virginica
7.205515973668293,3.193114239691309,6.0175679125565695,1.8005961621828073,2,virginica
7.2611883057095765,3.151498501386701,5.96068599864121,1.8247589658072245,2,virginica
7.15838163222981,3.211835823660822,5.998326026529818,1.721495489621287,2,virginica
7.22525041259867,3.2529563376997044,6.007094979835217,1.743762599981561,2,virginica
7.229959124258979,3.1579162961694522,5.994140324253056,1.8151649230020055,2,virginica
7.168210658694779,3.1322819093849215,5.993272903105712,1.7971520314302745,2,virginica
7.1652700642695315,3.168158393952729,6.027918434673603,1.795252868686021,2,virginica
7.180362508407333,3.1753892649148687,6.005415741013004,1.8024451509406203,2,virginica
7.1919943059045846,3.1442575008987954,5.984188272160035,1.7741275078966259,2,virginica
7.201330026926495,3.2439386249336644,6.035893663201634,1.8238118583077463,2,virginica
7.203051242765887,3.186035305567168,6.0117972267098825,1.7800813512218199,2,virginica
7.18535029797185,3.165812253421858,5.9965321039050865,1.7956218511657753,2,virginica
7.270511286891377,3.22020133773114,5.983914180408549,1.8288416685466393,2,virginica
7.180210958155035,3.2379966457055795,6.0289252863506055,1.911325588005465,2,virginica
7.156451085969627,3.195760696205896,5.994154123249301,1.8101593967669252,2,virginica
7.226295959981244,3.1607188630512573,5.9704432123327,1.8103676336054912,2,virginica
7.236224635064955,3.1550724431412527,5.938422848634445,1.8430079270025097,2,virginica
7.231309034694661,3.240750370360486,5.9609587343564945,1.7908790308904985,2,virginica
7.207416309130999,3.2157026665009725,5.994004013885029,1.7966965796720153,2,virginica
7.237782461530819,3.1818213245915237,5.977456594393444,1.7819893794185115,2,virginica
7.178901224115057,3.2036971400371446,5.99055923241685,1.781696792762598,2,virginica
7.253512102816612,3.210268453278778,5.985631114390777,1.8473462086048447,2,virginica
7.177410431996004,3.1985787741334217,5.995035578016846,1.7765271345678069,2,virginica
6.1838624534720115,2.801864087030247,4.743518403171198,1.7836627659531663,2,virginica
6.208223978877151,2.8092244508765165,4.810065779427227,1.8884662282893587,2,virginica
6.224153837418963,2.79312914493776,4.793970704486284,1.7985298402471814,2,virginica
6.2152944910609635,2.787257079224595,4.8563280421039385,1.7563600792524445,2,virginica
6.22276240135063,2.8178347097305827,4.754904555590012,1.8226102254001093,2,virginica
6.219831394184251,2.774162294019833,4.886962366869777,1.825712557922232,2,virginica
6.186017867145601,2.7803402920806977,4.77021172201405,1.8084256074298257,2,virginica
6.20091724520268,2.7447590403445683,4.758925644719245,1.7713275247368205,2,virginica
6.183205378416662,2.784764832547788,4.7731222868850915,1.822942274219752,2,virginica
6.234647998126395,2.801362845854589,4.7149816580874555,1.7925501210418848,2,virginica
6.219851561331677,2.795446469101444,4.808873383272756,1.802409176353256,2,virginica
6.141736526453553,2.7022576114518837,4.822118117578998,1.778645863777959,2,virginica
6.214255470724893,2.786916485806298,4.7920035917535095,1.8505284620050142,2,virginica
6.152938275613769,2.79807488408525,4.756909133102822,1.8011728796923676,2,virginica
6.216546398751284,2.8232074010029224,4.804169894213855,1.7460144920164211,2,virginica
6.207737514087521,2.832369112688962,4.8362495960704415,1.8798073624357283,2,virginica
6.219825271399172,2.7597608170354797,4.7787061871593774,1.801688397344444,2,virginica
6.238226306436088,2.755063967612356,4.8331525044832295,1.8232008999174034,2,virginica
6.165432040349993,2.821549423099883,4.769448872261095,1.7983044649062738,2,virginica
6.186958664128945,2.8074456242002594,4.7536627316610565,1.8184377132252327,2,virginica
6.116019681821926,2.7830340341980553,4.776995064029555,1.8583084823995204,2,virginica
6.218842644120221,2.779967467598002,4.76454226837029,1.7997683534408626,2,virginica
6.174566520161943,2.8833144314059904,4.6931222415426195,1.8009434545909504,2,virginica
6.105187720228693,2.83785990437576,4.767970764285984,1.8593642452274202,2,virginica
6.177777907197651,2.8395587499911676,4.806190701145017,1.843361722629269,2,virginica
6.1993476572301285,2.685615377243795,4.77099128739971,1.7393308298114067,2,virginica
6.134400978921386,3.0188916603045572,4.898720905454257,1.8157373814602156,2,virginica
6.105970699254534,2.976797404574023,4.972721625216434,1.8075814104140326,2,virginica
6.091150659877048,2.9428028536078066,4.874903626995206,1.79894886887264,2,virginica
6.0917236300079916,2.9803956752821845,4.896567752940834,1.7558245638480257,2,virginica
6.098805888501691,2.9397440375853825,4.865817983997095,1.7704485384601434,2,virginica
6.131520017321159,3.0170757337433853,4.9013374758443184,1.7548066005584546,2,virginica
6.083330162994682,3.028911200016236,4.946102392535763,1.742512757652524,2,virginica
6.082153193216766,3.002614131694331,4.91181806354395,1.7988529942968894,2,virginica
6.123954429208214,2.9436097690701506,4.9577398684956675,1.7550698175113195,2,virginica
6.100835354763969,3.018467539737116,4.942964563125629,1.8330233180924296,2,virginica
6.131828810287458,3.047282048783707,4.892922920889143,1.827252109278965,2,virginica
6.157372649450512,2.969943732273392,4.845532916199173,1.7605589192661377,2,virginica
6.152601865700081,3.046138417258895,4.885254805351692,1.8082035022953429,2,virginica
6.116953227252041,3.038911787607416,4.827240096193361,1.7776678830644268,2,virginica
6.089041129636078,3.0111395242722083,4.9018954028271615,1.7869438267120716,2,virginica
6.110090285243232,2.9010334384858716,5.016333065698825,1.8304572769691525,2,virginica
6.132867447659721,2.974030719491765,4.914981015531469,1.8775501746987908,2,virginica
6.168583884586666,3.002055475522204,4.851836470594944,1.8054024610283688,2,virginica
6.08775553784187,3.031780312475118,4.850379874248777,1.7920604221168763,2,virginica
6.109575668017064,2.981422616861392,4.939598659302976,1.7558643305070487,2,virginica
6.052080316937259,2.9858905477007545,4.931031647929721,1.7877128975874395,2,virginica
6.076671431284542,3.0301134333342157,4.907887606317639,1.7791643895056333,2,virginica
6.104042572375541,2.9901732636102833,4.922626414001071,1.8047883418218786,2,virginica
6.068748426015689,2.9810263255355753,4.88344267308911,1.8135097351349623,2,virginica
6.113684360210118,2.967484427094116,4.892047204747924,1.811118236097057,2,virginica
6.141341322214304,3.008883565162189,4.973999523403453,1.8002735536804877,2,virginica
6.427441674526909,2.786796398148978,5.561204231794107,2.1033631408416325,2,virginica
6.417780198376496,2.811681143756865,5.604847896575747,2.0865540016991795,2,virginica
6.367885046879728,2.787762501395043,5.617207072402616,2.135862573262973,2,virginica
6.273264372194244,2.8226131696364583,5.640731863517521,2.1476573740709517,2,virginica
6.413914555428917,2.8249247447193984,5.582230023587594,2.095889437222389,2,virginica
6.4194339711490915,2.757271079971464,5.5689611498398515,2.106810481722745,2,virginica
6.348139147218334,2.8012739128798834,5.542383903816768,2.106725401369672,2,virginica
6.400326077754499,2.777700816576602,5.563145395027582,2.0798178265807725,2,virginica
6.313397659584138,2.7840375271020954,5.603785454053043,2.1454376877773194,2,virginica
6.3797486537120065,2.792540806573381,5.652515021647952,2.165822810438653,2,virginica
6.380554367239357,2.8394138179773316,5.644346128348353,2.1190290092215935,2,virginica
6.361427095215202,2.7631399409021635,5.621381414354715,2.188711150568961,2,virginica
6.392376144371901,2.859387457027472,5.671926689270161,2.0513446316870922,2,virginica
6.376265114095453,2.857184884467707,5.636688433898844,2.1203053587904424,2,virginica
6.3988068816227575,2.823420572991663,5.575013080355444,2.195306144472639,2,virginica
6.355008937694458,2.7302831778785235,5.604959969563512,2.1546841091920226,2,virginica
6.380363942615761,2.797185852630955,5.560040061704662,2.096403829159757,2,virginica
6.3602146849303445,2.7607483163459743,5.542685001773626,2.0781941359069434,2,virginica
6.470756904988527,2.797000697599128,5.606644796516325,2.1850705951270597,2,virginica
6.374892916347171,2.7609099893705222,5.619293458615373,2.0519260173264944,2,virginica
6.41201986546563,2.8436546403498166,5.557723263075961,2.0792114532520483,2,virginica
6.464493396918599,2.7585077194736662,5.5730508433765324,2.108373112970676,2,virginica
6.387076284512463,2.766463044234476,5.6607296842737735,2.0768673428442903,2,virginica
6.4119679503962494,2.7834163302093993,5.590386974243456,2.046404301438744,2,virginica
6.434857519089401,2.7826883691626754,5.648277308196672,2.054429031917691,2,virginica
6.380603883985774,2.817623721582059,5.603451341143805,2.073959081022203,2,virginica
7.193975984639659,2.9492984101523136,5.801327024384747,1.4972142212288597,2,virginica
7.205865870562756,3.0514132928677133,5.833604447989843,1.6319794525820812,2,virginica
7.183053634634344,3.0180821443319354,5.783731111098798,1.5957242068685829,2,virginica
7.1953517725822795,2.8696182801822907,5.834797805401065,1.6167342535004998,2,virginica
7.231631688920852,2.9626127336256216,5.825908024101881,1.617745440336446,2,virginica
7.11323729059974,2.9313238265788,5.80122409722538,1.573645436374316,2,virginica
7.198568713860295,2.974575290662302,5.856801883845123,1.5260636073507763,2,virginica
7.146728590590009,2.9616117517747975,5.746635041638133,1.5769369705161889,2,virginica
7.1980236083315825,2.9475872378110592,5.813262657049475,1.6497802979817746,2,virginica
7.241383522632187,3.076520087864359,5.8429629321219005,1.5980927016930968,2,virginica
7.267892240845583,3.0265007452229735,5.871560875966946,1.5919329086682026,2,virginica
7.118401414508418,2.954439633358206,5.806314349216628,1.620575231978791,2,virginica
7.191531626062197,3.0380124331488347,5.7552015433550645,1.572413263599351,2,virginica
7.2375833566294485,3.0015620362514897,5.803285441227135,1.6538235359476314,2,virginica
7.241819205128153,2.969024702449453,5.8073943555842,1.534099138840453,2,virginica
7.199222976505457,3.014768587703531,5.732944678246351,1.6598677265080575,2,virginica
7.276744156454263,3.01887765965947,5.8354119084386875,1.6576444149666538,2,virginica
7.193172741680882,3.039981801874949,5.814685487560169,1.540953322072726,2,virginica
7.165157229742119,2.9781152330715033,5.841190254581578,1.6037764766935294,2,virginica
7.237992631995442,2.981816004983544,5.750796040056505,1.679524921402235,2,virginica
7.304964860573442,3.0147948451234505,5.792401308715086,1.6458024623816283,2,virginica
7.15739825255408,2.992023298167123,5.7448072609611565,1.6186585142047272,2,virginica
7.209596515830263,2.9845798089486846,5.775002848588938,1.541578189592523,2,virginica
7.168234696786127,3.047462942376079,5.7864939852582875,1.6485975644879576,2,virginica
7.166692142462265,2.996950941569242,5.782375521577312,1.590045877577386,2,virginica
7.229739362363077,2.920997279472207,5.82861146683645,1.6268366492783424,2,virginica
7.4001818890795805,2.8030282284999646,6.091581941722071,1.9267470975442214,2,virginica
7.402322022455904,2.7674592912915315,6.105938460849363,1.9368218887885815,2,virginica
7.414347840955113,2.801229960310941,6.10797712966545,1.8810298165744435,2,virginica
7.382372911375581,2.727625008529485,6.093037754398717,1.9379716562658784,2,virginica
7.385119838021524,2.7652733136041436,6.1345720956049,1.9064040061902219,2,virginica
7.4055467986956796,2.8182090249801797,6.126934201458425,1.8984567583115208,2,virginica
7.368158080844066,2.866901146723282,6.102274015587128,1.8704696828200262,2,virginica
7.407204983853268,2.8458282275200455,6.045814773615451,1.9503273696797456,2,virginica
7.39491204342082,2.8765805688382087,6.12566829278248,1.89607908484424,2,virginica
7.44816072461707,2.848867542399694,6.086713213381314,1.9090676152758506,2,virginica
7.380401859553086,2.835268984173492,6.046342480788587,1.893395038366118,2,virginica
7.3186697399657845,2.8227021236543957,6.014977685881122,1.8597156805826343,2,virginica
7.410262180619044,2.7866849461906638,6.083187810202603,1.8632308409106273,2,virginica
7.382293268093502,2.733199506258283,6.1124690432556195,1.930907492132925,2,virginica
7.429272254277532,2.7987490302598412,6.146822870850186,1.917830418710544,2,virginica
7.436708417427866,2.815160177641678,6.101443155251644,1.871193308686978,2,virginica
7.299768500815241,2.8247397011819726,6.095788011595215,1.9759356361241676,2,virginica
7.324583385518478,2.8322583199521048,6.0640016474846155,1.9000429059288588,2,virginica
7.3664359168495315,2.8134824715550417,6.099028506600202,1.9336027510828369,2,virginica
7.405769956171196,2.8184123283927187,6.148814102479855,1.9199388886621025,2,virginica
7.395104240379694,2.847414350536856,6.095908142896061,1.9157603144605027,2,virginica
7.387988867411318,2.7749790256469424,5.985912599007052,1.9266990195263067,2,virginica
7.356323404784816,2.8282162672341786,6.168937217491347,1.8500784549335976,2,virginica
7.433677938614259,2.7965760655914527,6.11756433347938,1.854771564339518,2,virginica
7.401424952173404,2.806235957971341,6.154725655341084,1.981889927259486,2,virginica
7.412288498789385,2.7864441965567384,6.184756940697568,1.8963154374895297,2,virginica
7.898224308354044,3.8042386549860523,6.418099132979344,2.027411369840988,2,virginica
7.87852496136465,3.796226622866515,6.4719583962568334,2.061410263058756,2,virginica
7.917406572186469,3.810886552163111,6.391725215622782,2.039514545979133,2,virginica
7.880902718263444,3.805245621718776,6.383174513125505,1.976819941082604,2,virginica
7.9020367800493885,3.8007538878537135,6.3785472554065725,1.9981237571841655,2,virginica
7.903173981018135,3.782754467571319,6.375702184749572,1.9953772807485324,2,virginica
7.927282985294177,3.8427126942150367,6.40769063653989,1.990360489175806,2,virginica
7.899482693659112,3.8732985253877605,6.435416332192395,1.964468489959221,2,virginica
7.898660835528551,3.780503229225625,6.386789196747733,1.936621009545169,2,virginica
7.901711843299358,3.7490395308590405,6.37828524550626,2.0583603455126647,2,virginica
7.93865935406534,3.7676295282989463,6.361361098618176,1.966006475152265,2,virginica
7.828973309671524,3.7633710778772476,6.390415110415223,1.9608564478503663,2,virginica
7.929450621093251,3.7987399316535604,6.380471314988203,2.0672796595240985,2,virginica
7.9276657083595055,3.803376671139444,6.4710660416064645,2.0507325119250703,2,virginica
7.873870977097265,3.8130367218883547,6.384049919486244,1.9460227292720134,2,virginica
7.973025230794937,3.8578836269648935,6.352319218020598,2.019478822438831,2,virginica
7.838168323053221,3.8416695183620253,6.398712803155856,1.9896388684782778,2,virginica
7.948713190979484,3.801110213076175,6.390854192405673,2.035589414634052,2,virginica
7.889169081622671,3.8340705466070246,6.4008255135700445,2.0323056156786925,2,virginica
7.924717182894103,3.8309594408726952,6.362271661423171,2.0727077237637745,2,virginica
7.894576665268266,3.868140742440316,6.377936266686122,1.9903021947225588,2,virginica
7.890705354562052,3.8450541044437174,6.38441929561484,2.016718820447584,2,virginica
7.840711159160141,3.7823940577717736,6.409359324775861,1.9966230584070837,2,virginica
7.8288987240621095,3.819974490782138,6.363706341497904,2.0752001833997427,2,virginica
7.893444446860857,3.8875412712644586,6.426290453962483,2.0184682707976034,2,virginica
7.882329198519438,3.796280006831105,6.418190221001695,1.925879371005238,2,virginica
6.439059616903456,2.755728288271055,5.590831968688423,2.0955248076078963,2,virginica
6.418269340326085,2.829513639857548,5.611679893892715,2.21318100477911,2,virginica
6.3864353940268295,2.806621648313087,5.647347856201383,2.184340239795201,2,virginica
6.420119666569586,2.828799694137803,5.591692714941405,2.2099230199188025,2,virginica
6.409180740957628,2.781634252630155,5.694655790706153,2.1840160297043,2,virginica
6.466830273445118,2.8420464868382926,5.5221413230471255,2.2104451622112484,2,virginica
6.440593358675469,2.832253207991175,5.565791401377755,2.2107406272553884,2,virginica
6.354360727235309,2.7605202247990843,5.591450952617698,2.2080043760975343,2,virginica
6.462847766938702,2.814560441876629,5.641733045766969,2.154231696516661,2,virginica
6.355920599638364,2.781883651481369,5.668576547419804,2.1488224674984657,2,virginica
6.33935325632617,2.7977344079665882,5.646786694406805,2.137456091144876,2,virginica
6.390845779727093,2.7480061415380086,5.656839657218114,2.2274887801150904,2,virginica
6.411261193917922,2.7987727073559863,5.591475615512592,2.205965729154035,2,virginica
6.375448545546638,2.766303157587029,5.5574240162723,2.201051607334896,2,virginica
6.369659382888896,2.834528297859063,5.518881666351539,2.222618595509847,2,virginica
6.421289638543883,2.8478170474043853,5.590736083786396,2.1421630232579143,2,virginica
6.3646066591697315,2.8445338103924915,5.588646312143862,2.184458248493196,2,virginica
6.3777518910488755,2.7979686284870913,5.591619925088426,2.139886975109363,2,virginica
6.377226417634883,2.839644597849642,5.6568024747787575,2.195701282592903,2,virginica
6.380349236235971,2.85322841043278,5.593548649382296,2.154624919377645,2,virginica
6.395524135653195,2.8274765640005888,5.66107938030748,2.1814731904654088,2,virginica
6.42141419300388,2.787561720846688,5.644805400404771,2.210455040045772,2,virginica
6.4106060618308724,2.762127420685536,5.58796305624289,2.1877834404926495,2,virginica
6.26025112775314,2.833712550128747,5.599987772623733,2.192279136350888,2,virginica
6.386321331630025,2.8013701454489506,5.609754003779245,2.1495009480769482,2,virginica
6.40521285685711,2.8047727216372422,5.601430284851887,2.142518279472868,2,virginica
6.294907616700673,2.7504116762789823,5.113913473987633,1.5515517940099683,2,virginica
6.334220784598534,2.7871163954824603,5.079274978969848,1.4783032195289803,2,virginica
6.313909427444934,2.7744270637327872,5.079491399062222,1.402760292754634,2,virginica
6.267232481651321,2.7698212390418324,5.0793294585689805,1.547539689177483,2,virginica
6.2475023496640585,2.7485673584149812,5.12364986615235,1.4620854568505146,2,virginica
6.293901113727039,2.807031072831263,5.100872632546419,1.4700621791604882,2,virginica
6.335991719674451,2.8585527807495956,5.061201422219824,1.4896741360498884,2,virginica
6.3368090462900195,2.7921722349115523,5.061319357798861,1.4835304729064576,2,virginica
6.332592447998176,2.7615227821241373,5.110118340118085,1.5150866938267171,2,virginica
6.27488661159448,2.8222145061413704,5.126162100737591,1.5390280234915275,2,virginica
6.336490818413316,2.7422919569223243,5.135014605393604,1.522869073467731,2,virginica
6.338222741471561,2.767203971180357,5.135375075936004,1.5147012352774956,2,virginica
6.25523827954474,2.8497092658781416,5.069964207210728,1.4608311528849376,2,virginica
6.315696235303296,2.776789593065974,5.114301100729405,1.4907419816298204,2,virginica
6.31126567352626,2.831965006720199,5.099002249809505,1.534041477931848,2,virginica
6.333213649965107,2.767807296442231,5.133527648493021,1.5243297950849808,2,virginica
6.30555391577055,2.8437333026901457,5.164602971848527,1.5298546235235968,2,virginica
6.243421829699028,2.8176429941937924,5.095287225056539,1.4899699441532697,2,virginica
6.313796507574993,2.7877493854639446,5.163737561792796,1.5111439312537625,2,virginica
6.301210673510323,2.830883588096015,5.131556391136815,1.5463786971369629,2,virginica
6.325103497964565,2.7991569274371666,5.105819802871066,1.4168525960363214,2,virginica
6.24364706455918,2.8408601769986856,5.087898759362068,1.570861443694178,2,virginica
6.3704513532678515,2.752056260981407,5.112620299067395,1.612552565363773,2,virginica
6.2700817097982915,2.815919707789474,5.091699547332424,1.4912751373940192,2,virginica
6.2898144549425385,2.7999578738117283,5.130208419856075,1.4694711272191154,2,virginica
6.320214427118566,2.773269401856091,5.12097545632166,1.5129260194798007,2,virginica
6.070514821391656,2.6061081914486643,5.572150550609615,1.367876008131062,2,virginica
6.145998625431254,2.5300620687706643,5.622339926408065,1.4280812028599608,2,virginica
6.077680871549254,2.642905478668098,5.635943798139521,1.3504384031401937,2,virginica
6.1210360800527415,2.6188101477859282,5.572067867630576,1.423016844004462,2,virginica
6.12978405348474,2.5727324460186596,5.523337002819016,1.416273415792484,2,virginica
6.071896198908897,2.5339694868797302,5.585782791251232,1.3082472644520007,2,virginica
6.087546627489257,2.6589426892466275,5.490046627978019,1.4184745234907898,2,virginica
6.064820539451967,2.584686394297083,5.56527444573124,1.4254029391390346,2,virginica
6.100269365752463,2.570323386679117,5.54984563373463,1.3840866949324575,2,virginica
6.145454295971549,2.5535115546739977,5.616866824140448,1.4138363612074356,2,virginica
6.02294872367057,2.64359318576118,5.599123775760006,1.4874865170062475,2,virginica
6.168315256669014,2.590979796349004,5.594677437719029,1.3615330584126444,2,virginica
6.047189469644929,2.6316966929441725,5.590893302015237,1.3850013329582518,2,virginica
6.094031182543841,2.627217429809951,5.637430686876749,1.4007356932315314,2,virginica
6.093139089677814,2.6047312010056203,5.6815112055384756,1.3196580182511932,2,virginica
6.05550338226693,2.619273729932151,5.606491782018304,1.4487870222094013,2,virginica
6.152016357128303,2.678119077401016,5.569535189142002,1.42477003386037,2,virginica
6.091515951133592,2.6387758501990106,5.608081114543785,1.4354552738298902,2,virginica
6.071811384753713,2.607291285555786,5.5807632349307275,1.3906462738783074,2,virginica
6.083096579787898,2.5605551997849303,5.644580545066578,1.4124680998990577,2,virginica
6.143657053902376,2.561942233281917,5.524382477313914,1.375604778413729,2,virginica
6.094990622781663,2.6319059916956404,5.642351397223647,1.448780169706011,2,virginica
6.1612464226175305,2.6295377684477166,5.605355198016363,1.3710395989674151,2,virginica
6.127893877116307,2.5813381933506916,5.5694514282454985,1.4240005000166291,2,virginica
6.109617754829903,2.634570705716701,5.572895551636848,1.446950675241445,2,virginica
6.115111251456194,2.5943858116866165,5.571296001324103,1.3587367775771395,2,virginica
7.64745662405567,3.0559928646738177,6.045339697442507,2.3257978214301187,2,virginica
7.691317268017864,2.9784212567543604,6.082443718705045,2.297226828080736,2,virginica
7.7365372720254815,3.0231357212294925,6.100966852198275,2.247202531974903,2,virginica
7.631110972732138,3.0743230909303785,6.061458261793104,2.2394061232083806,2,virginica
7.745096875390033,2.942141258006247,6.130145388565359,2.3375719347541946,2,virginica
7.710753957996056,3.0388348548749122,6.046364499163987,2.2529497913587897,2,virginica
7.693375541823127,3.0008477004482392,6.09764266861602,2.3192374607601045,2,virginica
7.671998111527284,2.9172613834331504,6.116860463297189,2.2919891717100414,2,virginica
7.732879203972289,3.0825820082805095,6.104067696303253,2.323744647673207,2,virginica
7.6657525232486865,3.036568228128633,6.114260448793888,2.310679791142862,2,virginica
7.736819504495378,2.9564596899768567,6.1230173426340295,2.318844699732863,2,virginica
7.763299787132106,2.929952123552982,6.097355416358674,2.386951226229338,2,virginica
7.684853679523515,2.9836955935829836,6.1709012520472,2.399283074225871,2,virginica
7.705397234642522,2.972815978867827,6.077551216030186,2.285300269470162,2,virginica
7.667674853266512,2.9690864713860496,6.107669258026806,2.302357934168167,2,virginica
7.719571672242008,3.0018654224274246,6.053316038296599,2.32981687305852,2,virginica
7.710477922335522,2.977916610699253,6.090151755015346,2.3134128891844936,2,virginica
7.7038682439918595,2.995715151128684,6.130865573855163,2.3425751421830934,2,virginica
7.68843786876043,2.9999618436673057,6.057260605414017,2.294140909847124,2,virginica
7.719472350293039,3.0347245731088495,6.1073406012801,2.2973272108308294,2,virginica
7.672654577618519,3.0092445900903257,6.057924348437943,2.3057638093059567,2,virginica
7.701540116125263,2.9651929412419773,6.1136361307545135,2.2923684911901847,2,virginica
7.724297476872023,2.981750001045692,6.119669391090124,2.3620285312559828,2,virginica
7.707757713413029,3.031675577358675,6.075576860417815,2.2868672217804416,2,virginica
7.626695630456074,2.994775815137027,6.056401583312316,2.305164767549742,2,virginica
7.619851798253035,2.966902643136352,6.103918027262817,2.3159911992977174,2,virginica
6.235750404302061,3.3844115349036397,5.701115399872389,2.431570308402771,2,virginica
6.306936874865944,3.2926700304376944,5.564547401627981,2.421009874777722,2,virginica
6.309852015640534,3.4184396785972067,5.638166928186738,2.404447058250132,2,virginica
6.333964826396511,3.3303860889221935,5.698610258744186,2.3889170107111206,2,virginica
6.275256966416252,3.459377957290994,5.624259325800224,2.438665436243536,2,virginica
6.276332028334241,3.411593358255058,5.628396749620175,2.3559828149798117,2,virginica
6.2919919723723545,3.390976727814025,5.589114602783466,2.3730706499700585,2,virginica
6.251171570905174,3.4173468802339246,5.6100397118427825,2.4457056877800616,2,virginica
6.297790759565798,3.3742088392372147,5.543712153472152,2.403784968565987,2,virginica
6.288284903715312,3.4792670680410223,5.690193641630789,2.4621909159816897,2,virginica
6.265044454020003,3.345775648157501,5.591221292185728,2.36542131850069,2,virginica
6.356036627102092,3.404967062790087,5.584500088309984,2.399850332467279,2,virginica
6.349575772729004,3.3634441626161022,5.619477067502188,2.3485886475753976,2,virginica
6.292268643415097,3.3745233742258467,5.612705473134673,2.406431393600232,2,virginica
6.34728111439093,3.4272432837604048,5.576692092590667,2.3485388913926477,2,virginica
6.2684570751116855,3.3836034942098845,5.591367690077896,2.3706157099214185,2,virginica
6.342656125450769,3.43684948489194,5.589691129764829,2.380902008525627,2,virginica
6.291004781828552,3.398566167278308,5.599400051089426,2.3369593816993257,2,virginica
6.283426691206898,3.3268668410731532,5.60165476436424,2.426703806565796,2,virginica
6.258668240147599,3.4067190996647843,5.576255167280675,2.3730207352790513,2,virginica
6.377111017254431,3.435111303914742,5.619186094991911,2.383226606250047,2,virginica
6.316326196629913,3.3927162105318187,5.618019381783186,2.3650326071559693,2,virginica
6.297424039749815,3.3847641563517445,5.544875665341977,2.466410850082184,2,virginica
6.332176591673785,3.3692695696680555,5.542712458843848,2.371764176335268,2,virginica
6.267375986595464,3.376343882545897,5.5409558948555855,2.3677134146620302,2,virginica
6.302645976366381,3.416322979534037,5.522575212217916,2.400081984604758,2,virginica
6.361439908877271,3.0592908825125527,5.487624084622196,1.7732304212691319,2,virginica
6.427510807032715,3.1276272151258087,5.488159081760812,1.7748449358123546,2,virginica
6.470397515967399,3.1734283854724388,5.5153082252460806,1.7940952744589294,2,virginica
6.439705657342833,3.157074854534594,5.479466151481869,1.8710836362220544,2,virginica
6.393884169295961,3.143051111150554,5.479859471788267,1.8027733788123097,2,virginica
6.382242077687756,3.101150986712967,5.540178278148873,1.7647917684312924,2,virginica
6.388367049188799,3.1215502120890632,5.48172641081793,1.8802832778690897,2,virginica
6.342433446858739,3.200113801017852,5.474143371329222,1.8385043524880031,2,virginica
6.463841799101225,3.12112382053751,5.444466280661718,1.786918931591289,2,virginica
6.402820053466129,3.1224532813698143,5.538938709188807,1.8445437567391383,2,virginica
6.4583273415992375,3.062481830448117,5.539318941314146,1.7311687695480784,2,virginica
6.405964317105946,3.0577716936681623,5.42962196338081,1.836440042162576,2,virginica
6.398889435939929,3.1392749876172115,5.437391013864785,1.7518250311130672,2,virginica
6.396133148885923,3.07369425882839,5.502898841126033,1.7753702947866952,2,virginica
6.386600643949291,3.054745213970206,5.550923100035727,1.7874094586186038,2,virginica
6.353219648743194,3.12703014256155,5.519246102864978,1.8086569971592068,2,virginica
6.408917681724514,3.084415771897772,5.494862529701482,1.7122426427740605,2,virginica
6.338276306108838,3.05124945770107,5.51142087647042,1.8485371838596305,2,virginica
6.393529024963285,3.089449576506837,5.5448071995273756,1.7856140210015081,2,virginica
6.426084505041821,3.11718817755495,5.447350369776384,1.8125677478983717,2,virginica
6.408202141884734,3.054431816894456,5.4589391201092266,1.7494484673110966,2,virginica
6.454564834034494,3.1839700090542085,5.528152535133531,1.8624112010314349,2,virginica
6.346479514774202,3.1560025140490606,5.578496431051203,1.8643134158065877,2,virginica
6.362683868284013,3.1432379679944287,5.4955182761659644,1.8428712637986964,2,virginica
6.374539380785381,3.10059739279467,5.477373560986711,1.8190243941570474,2,virginica
6.3960476890719935,3.144383124082792,5.532897622346086,1.8166433127403463,2,virginica
5.998621059018545,2.9880795362864063,4.800293118684732,1.8299934189691922,2,virginica
6.005270963564433,3.011689958521543,4.798618043798251,1.7971030351339956,2,virginica
5.9736321114077455,2.9253299257777314,4.822928942032898,1.822425528792495,2,virginica
5.961459842022492,3.076291841851132,4.753607872348352,1.8398743087159928,2,virginica
6.010194375668192,3.012693692803058,4.845475413521194,1.836868204040449,2,virginica
6.00110890085741,2.957942359150269,4.7514992140987165,1.8077209845778246,2,virginica
6.063119592988679,3.0351989799363093,4.798878350174374,1.813333803692882,2,virginica
6.027467057579149,3.068713552406941,4.769842038608514,1.8290679233186478,2,virginica
6.011253241565967,2.9698697868657296,4.759615764252976,1.8507718867164884,2,virginica
6.013353192544611,2.991795614907233,4.804173841796785,1.8393579207258284,2,virginica
6.0039470872804,3.0642412377243367,4.789828080725898,1.7688980445866316,2,virginica
5.995710905729789,2.962745993581322,4.786267901899369,1.849073698894202,2,virginica
6.068288141023911,3.0254047776055466,4.808086402672628,1.763923942503342,2,virginica
5.96019876982862,3.0149555626433995,4.806869311256908,1.777048814146974,2,virginica
5.98239843601863,3.0624281449996245,4.839744005272177,1.8023369370658469,2,virginica
6.0093308275840345,3.051177535016302,4.814602997750146,1.8097364142526255,2,virginica
5.937412429292789,2.9328492505393875,4.72398400257982,1.7102280401535352,2,virginica
5.999663842120203,3.0133959171782814,4.76542152617257,1.817825275049589,2,virginica
6.017886550154074,2.997077444420102,4.741362461165802,1.8578501707886674,2,virginica
6.055150626784097,2.977157805799042,4.877735961215931,1.802040091558164,2,virginica
5.968846177809032,2.9838694146891016,4.726090608759464,1.7862194920815972,2,virginica
5.9362614706422505,3.0454545587924837,4.8129884802973395,1.744708271272983,2,virginica
6.023144473104252,2.931597914425889,4.806462090793555,1.8193034832795556,2,virginica
6.002899709253123,2.95522561708992,4.795758885881885,1.7928596913663732,2,virginica
6.002568672210779,3.059586298283148,4.867878370437739,1.8633345736058489,2,virginica
5.974839791677087,2.97025181022708,4.801034852256324,1.8175482931799867,2,virginica
6.817848722773069,3.0756310295544234,5.471775211477623,2.050485720871563,2,virginica
6.870628898853245,3.0718736406765377,5.419652847280723,2.0975396694990747,2,virginica
6.887164175555994,3.039401085905414,5.424512844312361,2.1001903540543525,2,virginica
6.873475641471661,3.1011066285911713,5.431632005166841,2.041013295494105,2,virginica
6.838011445926104,3.059190224775298,5.365092387629958,1.9780628868911787,2,virginica
6.875912753545064,3.1445663365240937,5.386825607972758,2.1407300583097566,2,virginica
6.784948704797131,3.095505573137307,5.455561795246871,2.162947992640078,2,virginica
6.88002655770465,3.0669920221775477,5.415418972940476,2.051276704235983,2,virginica
6.885427664919336,3.0330968087543786,5.403313834875724,2.1002176285528527,2,virginica
6.965222513287129,3.1143337256629637,5.373583858202697,2.09630678971909,2,virginica
6.848386508438083,3.1013751150245583,5.391423920300146,2.1168791407583507,2,virginica
6.937372174943121,3.0198714769848642,5.41312288832217,2.129561965932401,2,virginica
6.851983400266476,3.1761500108643625,5.371121448651903,2.1987107849556393,2,virginica
6.931433428675146,3.1387817286649424,5.4108306078483634,2.140463907050895,2,virginica
6.85848698163295,3.067688039838235,5.321369006117088,2.1217446083251237,2,virginica
6.871533649366315,3.130140187473955,5.423929289112221,2.0462745039630175,2,virginica
6.928124241109428,3.110390132424391,5.408064116258693,2.11846200105769,2,virginica
6.898943012878499,3.1004843630332743,5.442300885179076,2.060099820014013,2,virginica
6.851792990316028,3.0694958612305685,5.441501964945026,2.0870845979356165,2,virginica
6.976774678812043,2.9764189302401634,5.371386185984249,2.082116671059676,2,virginica
6.910846381638709,3.1536098345755526,5.392520996926291,2.059226694175361,2,virginica
6.933579933600932,3.162118851663075,5.297520638181107,2.123232030522902,2,virginica
6.911875096462215,3.066590167701815,5.380917177595292,2.1115937832798926,2,virginica
6.901124695986144,3.090017255458534,5.353187816611438,2.111429551601022,2,virginica
6.873341508516205,3.103454733929953,5.376441074546469,2.1079570456031362,2,virginica
6.929926701538131,3.1093953819794433,5.426325118094921,2.0443626551883294,2,virginica
6.718562553450649,3.1115823988833715,5.574839330359341,2.393347517507075,2,virginica
6.587761559927736,3.103104589512898,5.583487530312551,2.3090395212615342,2,virginica
6.72019715724615,3.074293750626989,5.611002434976136,2.3902930548444052,2,virginica
6.719249073467161,3.103330121813216,5.588327240977339,2.41961996080548,2,virginica
6.733222936921471,3.009028324953641,5.6008957380382,2.3759775716983764,2,virginica
6.655462348952544,3.152091413786024,5.638287561877762,2.3583665533757765,2,virginica
6.655062198530768,3.1325691201223735,5.574668765780664,2.3867006521364895,2,virginica
6.6208061620207275,3.0943527493515357,5.64525931196678,2.3813016822786413,2,virginica
6.695044801783198,3.169633262874963,5.634900152121,2.4567667940680833,2,virginica
6.72499451496767,3.1478012342184534,5.5331212585782765,2.3668849739994795,2,virginica
6.633488798514745,3.188676715310435,5.607012977684789,2.3947147712236827,2,virginica
6.669503880345013,3.059106617806635,5.487486171754043,2.4894991101141146,2,virginica
6.6963912830006835,3.1022019115097326,5.543413139666379,2.397270312115095,2,virginica
6.7148047721179775,3.0964326940619555,5.624427192890326,2.3660620374851606,2,virginica
6.712663117231641,3.1354580230638542,5.622147584836507,2.4149769296778754,2,virginica
6.695527704824432,3.0601643557803255,5.621817773893837,2.384006372724574,2,virginica
6.66186480769869,3.1303030229701485,5.535322669120281,2.3773494785588807,2,virginica
6.730709475251423,3.1375710296346018,5.584702960966969,2.4022304010449766,2,virginica
6.721403031522855,3.0969111565582406,5.568808228185495,2.417046480208545,2,virginica
6.706238158515922,3.1038771736480064,5.644267532892007,2.4119289773747066,2,virginica
6.68134699141139,3.1061768405756167,5.67735599633408,2.3709807706165353,2,virginica
6.6891255916210435,3.0676400102692396,5.613824148715546,2.349197974138868,2,virginica
6.717559526978614,3.1300925309012393,5.568713019222693,2.365740915264508,2,virginica
6.640160153433789,3.1013990481364253,5.554889254441503,2.37466443876724,2,virginica
6.682862915692612,3.0721222681080294,5.633060108845322,2.46353311083658,2,virginica
6.614501030853284,3.067176021261554,5.609691710603595,2.3576080437798455,2,virginica
6.878237968040095,3.1080928395732723,5.155377292559138,2.3466959582591316,2,virginica
6.888017714678665,3.104942705873248,5.085190298169845,2.292729712029442,2,virginica
6.852749266922021,3.0289246544018416,5.085028760598964,2.338829396726928,2,virginica
6.930287315936775,3.0251189462656614,5.092038049391162,2.274618136328296,2,virginica
6.911262638336527,3.0558383892141525,5.136287262549753,2.2915276209035946,2,virginica
6.922813630628333,3.1348022457753064,5.022105777424819,2.2910781270724736,2,virginica
6.960279614936103,3.100579476577498,5.141494773495557,2.316636557358546,2,virginica
6.879874339210168,3.111065603807133,5.141867443326921,2.3513664366074254,2,virginica
6.957715608106825,3.0555377168832147,5.132951905443839,2.2447727414486174,2,virginica
6.894625544146108,3.0914830891086003,5.124909239095212,2.3124201884326796,2,virginica
6.949739934590597,3.075350600360442,5.133508906032797,2.3154408498666688,2,virginica
6.89994219198616,3.0518926436269123,5.122626716141629,2.3124504259430623,2,virginica
6.931329988156302,3.098303905866261,5.089621870013506,2.3154063737672956,2,virginica
6.918321677601497,3.1273066524925683,5.1755113366246395,2.27518010535073,2,virginica
6.979941304430688,2.9815847357556025,5.138176091992067,2.2671675339549355,2,virginica
6.979947886894505,3.0644035062470727,5.142234944751646,2.260365412717902,2,virginica
6.854675938608576,3.1319296146194,5.134559960372529,2.2719381703754333,2,virginica
6.995843245705492,3.0870885019853342,5.1622611846651125,2.2594301789097075,2,virginica
6.86143441781183,3.1034760554867686,5.059476154936218,2.3180713172716656,2,virginica
6.814170582627146,3.106967959141832,5.077451257012808,2.261559563161154,2,virginica
6.90831708262653,3.091016832741937,5.081952731818114,2.3322017794978644,2,virginica
6.911669363253167,3.115050665071795,5.1529155057452884,2.29698778113025,2,virginica
6.9333237826557665,3.0832478359359623,5.124121983683542,2.3209143296188723,2,virginica
6.8780973474968565,3.0394859374523255,5.048867937472397,2.2623313528520534,2,virginica
6.922035377808895,3.094541839538665,5.088033150787546,2.318902572756169,2,virginica
6.928965118166849,3.1554519851647753,5.076173589806653,2.321801604526511,2,virginica
5.828079658315883,2.6620131472463187,5.104846983939192,1.8634166735518563,2,virginica
5.790939985632918,2.716662837621267,5.0321916351402685,1.8651617281057171,2,virginica
5.76777779301604,2.703593570550277,5.070579601812604,1.9147617928593306,2,virginica
5.765776978780218,2.6793639288383986,5.123983264115298,1.9125610470095888,2,virginica
5.8059354707466975,2.6983896281281385,5.139805458249697,1.9545874162608001,2,virginica
5.785139379192072,2.6710439710835807,5.0585250356626235,1.9688857142514196,2,virginica
5.764286494174972,2.6472898001909395,5.110545597408519,1.9417162458272357,2,virginica
5.750784784708726,2.6949689827228323,5.042835872068328,1.8722464560913852,2,virginica
5.864636077784908,2.7065852799545085,5.089557334565677,1.9027432975347178,2,virginica
5.811149385204872,2.695821251321697,5.052690612133945,1.852943103718615,2,virginica
5.879813353808146,2.669529696575295,5.147530185820276,1.871373839655416,2,virginica
5.851638043380099,2.7276112537400516,5.091547340393217,1.9798377452865772,2,virginica
5.762789164893427,2.690621092617598,5.065831273171778,1.8690537719909857,2,virginica
5.785504100794006,2.6618992007988527,5.0869968244070005,1.962732225663342,2,virginica
5.730807493123297,2.6500289051875208,5.062074176357582,1.8814139978865603,2,virginica
5.840114824301702,2.72857855324564,5.118947819267121,1.9080394040227882,2,virginica
5.89513340036897,2.655148973211826,5.0541621891043995,1.8989511305562765,2,virginica
5.808114276291352,2.690512799111822,5.066526106336664,1.8479311269347767,2,virginica
5.788954610714186,2.671811169231563,5.080812554843501,1.8569637306497013,2,virginica
5.853191504517418,2.7178794775536663,5.173567938604169,1.8794606490114172,2,virginica
5.802287850970625,2.690071366398681,5.10077763908933,1.889778969769126,2,virginica
5.793406003700416,2.6216158851928175,5.089131708068551,1.9274394011874838,2,virginica
5.722536582162334,2.686109948142459,5.122701763604767,1.9502579292577924,2,virginica
5.796587115563669,2.718079729901951,5.169627309075507,1.9514946445388037,2,virginica
5.78202865857941,2.675934849288224,5.1404372793712865,1.9088070825827586,2,virginica
5.778419110093179,2.690786416001858,5.1125283570218665,1.8920178571500996,2,virginica
6.789865654727333,3.190573032941677,5.84070931871795,2.3689091214101685,2,virginica
6.848445524454317,3.26009949994268,5.894625191139063,2.3049483951833207,2,virginica
6.822832068343823,3.2325549826372852,5.827359562310685,2.314029153077465,2,virginica
6.760316109403885,3.197103460395479,5.873643889918474,2.367644984014156,2,virginica
6.821335705387407,3.198869786887809,5.955325438188653,2.297148582751416,2,virginica
6.7711888047941855,3.1926027233782657,5.885466010661013,2.3018666677834134,2,virginica
6.833339885546802,3.195290489088563,5.897384384288555,2.3401898839195328,2,virginica
6.8114248046764745,3.237640808923361,5.90532045631355,2.2482627309430945,2,virginica
6.755455165591377,3.1341410108645342,5.945157522944268,2.316442997839657,2,virginica
6.781142791507962,3.160688290639675,5.914304584520991,2.294724326379028,2,virginica
6.812678756320754,3.1665167021893343,5.85599626294074,2.362272848911471,2,virginica
6.762206298697071,3.199072625181303,5.953024267182281,2.227269941699112,2,virginica
6.827750098026046,3.2027177925520247,5.894286810729828,2.3106982742044977,2,virginica
6.752941274663507,3.111837496282582,5.974884035763468,2.2886385093004598,2,virginica
6.835292348413098,3.2438834254660898,5.911410808484378,2.3180692661962463,2,virginica
6.82822887654406,3.2624881409829602,5.919496084710976,2.3499954426640723,2,virginica
6.788472952240209,3.1832510371348097,5.903367910296441,2.3158816157261914,2,virginica
6.821275077941996,3.277140313980027,5.933282212811646,2.3025898326353778,2,virginica
6.87876779874782,3.2130872445542464,5.914237156626924,2.3195577046226266,2,virginica
6.786919669292566,3.1568875721098446,5.905314769573526,2.287809935638331,2,virginica
6.76587118173468,3.2048194206198186,5.892212240825487,2.276652239839326,2,virginica
6.729752189917068,3.193419768571753,5.969665978868771,2.3352279173445174,2,virginica
6.8428807610024105,3.1992438187622123,5.94186794633424,2.2734618417295755,2,virginica
6.7820147887897555,3.2206151343981473,5.843678977654297,2.3023499151436018,2,virginica
6.811997338222429,3.2668495037999206,5.872440721189776,2.3167662678684793,2,virginica
6.77433051951199,3.1785345015461974,5.793378599139616,2.2629643901007217,2,virginica
6.7456373899589765,3.320619958125291,5.706357855237981,2.5,2,virginica
6.721527473374662,3.251190066268959,5.692120736340982,2.4978636169135413,2,virginica
6.763679669362384,3.264568364817804,5.716890606745718,2.5,2,virginica
6.668133225013173,3.3036499115781335,5.620656135132414,2.5,2,virginica
6.613043781981208,3.2849220909036387,5.7682216466532275,2.5,2,virginica
6.702197263759137,3.3061773308566345,5.785484828267033,2.5,2,virginica
6.741368451797526,3.282945426729201,5.683060093718111,2.4588966075197054,2,virginica
6.693269276772361,3.2726031541576313,5.739214385774557,2.5,2,virginica
6.6955584259303835,3.278730747944724,5.58581377602567,2.47681089912316,2,virginica
6.712253241232602,3.326330371738569,5.578229787229771,2.4052551215572193,2,virginica
6.706461444035054,3.2593801118765424,5.691609065677824,2.4814852854883167,2,virginica
6.723421710006303,3.2267425347145102,5.677669230805651,2.5,2,virginica
6.7083997032592135,3.267433669323355,5.718140725147089,2.5,2,virginica
6.665071400737655,3.3275137327779434,5.726891626203909,2.494991754404087,2,virginica
6.737428776537455,3.2538961694497743,5.730466216512958,2.49260095230437,2,virginica
6.663131071130541,3.2766591231381756,5.7463643457092815,2.478270024550492,2,virginica
6.6864875612037835,3.274324301385821,5.668895284248677,2.5,2,virginica
6.787741026395873,3.3531483119023333,5.720264739527243,2.5,2,virginica
6.686571277722474,3.280619503548351,5.653824587698863,2.5,2,virginica
6.686846824211442,3.27192036573794,5.675050763289591,2.5,2,virginica
6.6785429333682975,3.3009698928861986,5.706840003761446,2.5,2,virginica
6.651210628641685,3.3119659687915552,5.672783972726978,2.4833090252916254,2,virginica
6.764293878286194,3.3250006950381192,5.68496709170265,2.5,2,virginica
6.699503969800438,3.344188636429436,5.681065904979867,2.5,2,virginica
6.692135880314094,3.3007425956197016,5.694287291038527,2.4758010776812975,2,virginica
6.704529983970921,3.3390769864105034,5.676395308122482,2.485045935373988,2,virginica
6.714890964003148,2.97056752623568,5.234708793593294,2.328256868995221,2,virginica
6.609690405039364,2.9745064493535622,5.157709404894186,2.333039473488181,2,virginica
6.737413505101365,2.9530550715424835,5.173270473944027,2.2971881806340764,2,virginica
6.68578595125878,3.0287730598264346,5.239030486329958,2.323728882467234,2,virginica
6.743463896304894,3.03734328565348,5.197593277283414,2.283260932811506,2,virginica
6.67126894105765,3.0327320212130977,5.235549958629915,2.3405040798952736,2,virginica
6.687515856936361,2.9850263494407074,5.210903361219176,2.3498586306365437,2,virginica
6.714533423753349,3.009326134036775,5.167912091411304,2.3179584847901356,2,virginica
6.7216915498019665,2.9630347832614192,5.269743908911126,2.2642547273106537,2,virginica
6.73713130311481,2.9924711892919076,5.206856021600942,2.269496533830952,2,virginica
6.678277656322567,3.0281443308540554,5.192855975159542,2.2870569102709952,2,virginica
6.735535676802754,3.0286179569594895,5.207056133211495,2.3096846205784707,2,virginica
6.768387262840531,2.9939364918990123,5.215891853008922,2.3173478344848566,2,virginica
6.645402224665457,2.9244032288075044,5.205582172472148,2.3347476989801814,2,virginica
6.708521002824957,2.979562540509253,5.1747648995350275,2.332587946173418,2,virginica
6.688850661281554,2.9371789907847186,5.227399030881082,2.3099728268769177,2,virginica
6.715585699348691,3.041568491392769,5.25272847230622,2.3226311505271187,2,virginica
6.693709048349992,2.917236118154876,5.212216804928706,2.2946933170187283,2,virginica
6.752508077304773,3.0508411571684637,5.21930216194875,2.3544992510045684,2,virginica
6.697621645203761,2.9988330031608137,5.167239112714693,2.288312930843438,2,virginica
6.7088792530501005,3.04221695021263,5.171627101291278,2.33208717353535,2,virginica
6.79269014092869,2.9475876575465905,5.190368278945155,2.3013611909963996,2,virginica
6.740109152647196,3.078810774719924,5.249116369876793,2.299091479019742,2,virginica
6.667064213644839,2.9983159977774987,5.199003335319575,2.3101177381236373,2,virginica
6.665320083394517,3.0605896519952127,5.17205498731655,2.3273461085432823,2,virginica
6.7089387620176195,2.957351669169595,5.2031059334867,2.3012734356535978,2,virginica
6.293079700458887,2.5322909793925326,4.981787366352674,2.0008131813990966,2,virginica
6.344981334604416,2.464378080304819,4.902271400163078,1.9499647261434823,2,virginica
6.310355385041559,2.5036598454458594,4.961932480647517,1.8435962142639488,2,virginica
6.226884231614191,2.6017044981413533,5.063721374076208,1.878618747604379,2,virginica
6.374486198241959,2.4272067185562447,5.027975582334343,1.928232515011097,2,virginica
6.266378091287941,2.4823517106290036,4.959122753046309,1.9019792741462158,2,virginica
6.352290983109262,2.5396502731884047,5.016785437486279,1.9445021881674602,2,virginica
6.229634730797665,2.5802820571816025,4.998251154415429,1.8481317940426878,2,virginica
6.2850904775111625,2.4744998930881668,5.00395892871042,1.912621887149917,2,virginica
6.207681555688821,2.5501907930313608,5.068741171140059,1.8591225875270398,2,virginica
6.358736989155241,2.5501186591735006,5.040403150523849,1.964957005492725,2,virginica
6.2450147907505755,2.5289760128670475,4.959981650229738,1.9942686332009147,2,virginica
6.261561554077944,2.4514668626505767,5.04478243943172,1.9248643842297453,2,virginica
6.301265063810687,2.5055901441916917,5.024553648125021,1.968879481565704,2,virginica
6.2717766906752646,2.477828738123538,4.977137950076083,1.8971991256632676,2,virginica
6.300601192510243,2.4488559425805776,5.012174638260317,1.8497290354597864,2,virginica
6.287719264503684,2.4901675428115966,4.990410366816152,1.9592076715564122,2,virginica
6.365400874200791,2.543093362285853,5.063258297905657,1.8886689770628418,2,virginica
6.356272465220557,2.4979830608376137,5.009170245024473,1.9109591337373508,2,virginica
6.246725788547604,2.4757173618479986,4.993709611916762,1.9146446668074808,2,virginica
6.295007150170872,2.4660292904576173,4.95381908393855,1.9004330487272256,2,virginica
6.252823521278105,2.452999605560022,4.99591556065278,1.9071496126036613,2,virginica
6.266886560793045,2.4288721650070966,5.011479360902741,1.9327030009119954,2,virginica
6.283707732793366,2.4850099575640394,4.90713773151771,1.936087042483108,2,virginica
6.256234226017395,2.5287722378379613,4.976451776498021,1.894334385885888,2,virginica
6.292507779215112,2.4281167359469653,5.109997651212414,1.8374840849583458,2,virginica
6.504403105842708,2.967507029574651,5.190547510455633,2.0550681611862327,2,virginica
6.425498993227364,2.9943150287443547,5.219703130024037,2.0048250328872466,2,virginica
6.515876399262982,2.970000349072798,5.134410974669075,1.9475507358787296,2,virginica
6.48363361450601,3.0296882977799977,5.203225656394507,2.064155954649951,2,virginica
6.504027953760083,3.007743607392088,5.208012092811515,1.9307463780384044,2,virginica
6.523049308528903,2.9555817529915482,5.184817545599225,2.093745723061434,2,virginica
6.450556969439059,3.004739777306605,5.2116783914539635,2.0051637822419246,2,virginica
6.5001479458008875,2.9776732368974086,5.279688905539004,1.9197512852534815,2,virginica
6.4589545503564345,3.059353305461718,5.221958663253649,1.9693944599663071,2,virginica
6.464069402762519,2.990034706959791,5.305590073428877,2.0197383679807692,2,virginica
6.458753846492057,3.0095301043802962,5.174950526604994,2.059934853484948,2,virginica
6.511758002210666,3.050417173411088,5.206450182447667,2.0815534024638813,2,virginica
6.5164744207062695,3.0112321328120877,5.159221354831548,1.9831437240633107,2,virginica
6.515605069605613,2.980141505006835,5.299508320546047,1.9995538261803198,2,virginica
6.469542012338633,3.039507282270741,5.178820199821558,2.0162811552312827,2,virginica
6.4962709559242535,2.971196493885477,5.2555360052509075,2.003665892462476,2,virginica
6.543523919824539,2.9864364617962322,5.142925530923432,1.9502646857561499,2,virginica
6.479265026317619,2.9926536907639485,5.202211506774941,2.0205280793505644,2,virginica
6.450290048740662,3.00917991445243,5.151277651635792,1.9726478363833666,2,virginica
6.602612054060403,3.050955701872121,5.185488926678693,2.071699315840267,2,virginica
6.55676027864189,3.035569565794472,5.258704137575545,1.990087820186651,2,virginica
6.495005662425869,2.965616429724243,5.223339982339063,1.9498487164680396,2,virginica
6.479859839123403,3.0183459812568696,5.179811878753219,2.0138813974709118,2,virginica
6.5729993346938125,2.960602610380663,5.256145332621386,1.972680813934403,2,virginica
6.4626324700291295,3.0090174455304726,5.24114047938857,1.9714512332234815,2,virginica
6.470851104421682,2.9824215175396027,5.171195739366169,2.007545273166405,2,virginica
6.171505688534791,3.3898230140694294,5.414165017557329,2.283304230505791,2,virginica
6.246160104923976,3.3729316675388286,5.369133544477196,2.3815214092498547,2,virginica
6.260234320435415,3.4028524121743993,5.433211361374598,2.3136162596163823,2,virginica
6.179589974323999,3.4270345705053495,5.412176880270426,2.3512740963968493,2,virginica
6.126281045728759,3.43227880792933,5.40667057026773,2.272518647177995,2,virginica
6.182847655794859,3.383805495666081,5.347096226778,2.277047658146527,2,virginica
6.231305654210749,3.339309325914271,5.384962316260424,2.2054009430434314,2,virginica
6.176981801107507,3.4156556547428982,5.3979982727579126,2.3017653185708356,2,virginica
6.155272119369031,3.4227997804755,5.363872354900666,2.336348466225326,2,virginica
6.208477948231703,3.3846532904346045,5.459439763450029,2.284205336550498,2,virginica
6.240977004035116,3.404202869245428,5.400028440539418,2.3400504793798684,2,virginica
6.217534060575318,3.399715428059165,5.395277733979766,2.308497736354156,2,virginica
6.203447019712579,3.3869652193169246,5.358563767013108,2.196394564420014,2,virginica
6.195556571273242,3.3903122464222637,5.448572283682075,2.3179927740657287,2,virginica
6.2456701967252615,3.469486701828647,5.39573632478395,2.2663852075089883,2,virginica
6.2327248971495735,3.3762020757412765,5.389863326696331,2.357609053034022,2,virginica
6.22214995949803,3.4439373109484612,5.346099526534248,2.3014777277899268,2,virginica
6.244832146563855,3.348816788381598,5.408005185283909,2.3162435844806972,2,virginica
6.1078590876579915,3.463951086759911,5.371561032177002,2.294564706055191,2,virginica
6.267255047695591,3.328512131173266,5.418674568989487,2.282221804728976,2,virginica
6.201851033424965,3.3673363246622734,5.454680793746829,2.2552955211635872,2,virginica
6.21459209070797,3.4217816190395696,5.39643713302779,2.2891790530317806,2,virginica
6.189513399340504,3.4410493588389603,5.418214220296976,2.2968509271439483,2,virginica
6.156480780901599,3.406493167094446,5.421462979489113,2.298848101375693,2,virginica
6.257628530456987,3.323724156175624,5.49989492884101,2.2928021690758196,2,virginica
6.154537707841343,3.3303475079234595,5.434855114009807,2.323060146099601,2,virginica
5.891469373038562,2.9981939958790553,5.106926088939292,1.7832123161189117,2,virginica
5.946314595602834,3.025205918904396,5.095361916091818,1.7345935155095096,2,virginica
5.9550125897697574,2.9810751831692075,5.058772264608551,1.8517849577017187,2,virginica
5.920146961307341,2.919594122358378,5.033678872966925,1.7843024818023008,2,virginica
5.849909252635813,2.9940403893772114,5.204883449540782,1.9194930245463926,2,virginica
5.898577088925896,3.0323055144224287,5.1359067895352375,1.7955023657152298,2,virginica
5.841189969352694,3.0433034025899146,5.09320690662912,1.818478797470629,2,virginica
5.92865011653001,2.9679689877909174,5.167852502023043,1.8033506750843749,2,virginica
5.909339487047399,2.9830151963486964,5.128779709927562,1.840878028827685,2,virginica
5.878037431483999,3.0237708454804686,5.08295674103662,1.7510716554990133,2,virginica
5.887167954974578,3.0247770361702586,5.1225098538407385,1.8436307563831793,2,virginica
5.873385735235277,2.9882599877613836,5.103312859707626,1.8252684143310425,2,virginica
5.895730555881002,2.962346661794117,5.038327693073029,1.8476702679335493,2,virginica
5.943275358270531,2.973793543717572,5.159765386068457,1.797921334488523,2,virginica
5.918700171363294,3.05109295707491,5.081249567559176,1.7694176009472813,2,virginica
5.830873724925636,3.012760501229386,5.118601764836711,1.8351676473289078,2,virginica
5.924796795328892,3.004779540943945,5.146654433288544,1.7594242696033535,2,virginica
5.916229618708449,3.021197229527786,5.095749904655015,1.8698990294087017,2,virginica
5.91821354749579,3.0547025541937147,5.136624333941664,1.7934322068333375,2,virginica
5.978264024501832,3.0451873909645943,5.101381799902792,1.79586044047557,2,virginica
5.859066850183023,2.9945834061014884,5.091148283163388,1.8090587314308202,2,virginica
5.88367061056444,3.02358586158849,5.097343874633664,1.7371826114265376,2,virginica
5.880317354219577,2.9645650985837477,5.049486910212051,1.790490393900753,2,virginica
5.937376950522403,2.955766214787627,5.020207575700744,1.7941907916554984,2,virginica
6.020708829621884,2.976990992874028,5.111625530459117,1.7841814813484373,2,virginica
5.9352212665728725,3.0586245567110275,5.09436141796204,1.8482644287883838,2,virginica
